File Name,Phonetic Transcription
testPhoneme_A80E6D01-D6C8-4E73-BCA0-77F29AF6DDB2.wav,le finiɛanasekoloʒɛ dotʁ le dʁoi se mɛm pali aamalɑ̃dy sɛ d sɛ døzjɛm iɛɔeəɔ œ̃ jɛ̃ ɔɔisɔ̃ɛ̃ eʃɛ̃ ãsɑ̃dø ɔœ̃ bɛ  pø ɔ̃si eɔ ssɔəɔɑ̃ y ase ɔɔkeɔsɑeiɔ̃to eɔelaɔiɔɑtɔ aʁtiiɔssɔsɛ̃ sɑɛ̃eəɑ̃isbɔo tɑ̃s̃sɔɔssɑ̃ʃɛ̃ɔksɔ̃itɛ stɛɔ̃sɔ̃ʃɔ̃tɔɔ̃ʃɛ̃ɑvitɑ̃iʒɑ̃tɑ̃
testPhoneme_233DA148-5EF9-4177-B538-54AC75D8AF55.wav,a ʃa u to bwa ʃ ɡe  kɔ ʒɑ̃ ɡɔ̃
testPhoneme_B8BB10DA-9B28-4538-BF07-35BA94AE5FE4.wav,kɔ̃bi  linu tmi ɡy ɡɔ̃tɔ̃ l lyʁiʁ baʁtɔ̃ jɛʁwa dyʁɔli ʁikape molyne favikɛl ʒi fall koɡyʒi todɔ̃kɛ dəmɑ̃da fɔ̃ veʁiki mɔɡoʁido fãvikɛʁy mɑ̃dyʁ lalodi
testPhoneme_EAC0BB7F-8195-4697-8BF1-1B979D198195.wav,ɑ̃eʃ ɛ ɑɑ̃esɛ ̃ɑ̃ɔʃɛ eeɑ̃ɔu ɑɑ̃ekɛ eɑ eɔsɔe ɔə dəbwa ɔɑ̃ẽ ɑek ke ɔɑiɛ sɑ kɛ ɑɑ̃ ɛ ʃɛ̃ ɑ̃ɑ̃ɑ
testPhoneme_31C2AB2C-D941-42C6-A0B3-862AEB09290D.wav,ɛʁ  am o am ɛm di lo o la vø diʁ  i ot
testPhoneme_1F1DE99C-28B1-494E-AE86-9BC17D80753A.wav,vɛʁ ʁɛn lu ɛn ɛɔ dĩ l fo i o
testPhoneme_1790F47F-D746-49C7-BD87-EADAF043A5A6.wav,aʁ ɑʃaʁ  buɑɑatnʁytɔʁʃ bu a ʒe kɑ̃ ɔʃɑ̃ ʃɑ elə madəɑ̃̃ã sɔɑkɔʁskɔʁs sɔ
testPhoneme_2095B05B-E764-436C-8B53-48A734740FF6.wav,vɛʁ an  an ʁɛ ɡin u ʁu li p ʁɔz
testPhoneme_708E3AD2-8746-4218-86B2-54668105CA29.wav,mɛ mɛmɑ̃sə fɛ sa nɑ̃ sa ʒyst uvɛʁ i atu ʒuy ɔmɛ ɔtyle pəti lə kɔa vɛ e sa fɛ œ̃ mo apʁɛ am am ɔɛam ɛn n ɔ u i ɔz
testPhoneme_97AF3CF5-7048-4725-A3CA-6F6676140F15.wav,ĩby linu samdy kɔ̃tʁa lys yʁ baʁtɛ̃ liʁwa iʁ̃li lkapi ny oni opvikɛ ʒfaz koɡyʃi dodɔ̃ka bimɔ̃val fɑ̃fʁik mukoʁido a mikiʁy mɑ̃dyʁɛãœ ti
testPhoneme_2A4B2BB2-62FA-4AA6-9BD8-A672B2BC8FA4.wav,tt otatistik  fotwɛs aʁtistik anɔ paʁdɔ̃ pasə ma ʒə pʁɑ lə n l pən s ə ʒɛtoʒubijet e ʒə pʁɑ̃ lə dɛʁnje  efɛ lɛ̃vɛʁ a  ʃa utɑ pwa pwa ʃo kɛ ɔ̃ ɑkɔ
testPhoneme_AB5B9A69-EF6F-47A3-9A03-ADB549AC48BF.wav,ɛʁ ʁam lu a ɛn ui a am kin ɡil lo uvʁ  ʁoz
testPhoneme_021989E7-E08B-4FE2-92A4-776EB2E0CB60.wav,a ʃa o  tɑ̃ pa ʃo ɡe ʒ ɡo
testPhoneme_A124CF2C-FF86-4426-BDDF-5444F2EFDD27.wav,pɔli lino ʒanody ɡ̃tʁaʒyls  lyʁiʁ baʁtɛ̃ ɛ jɛʁ waː ny ʁɔ̃di ʁikai molyni avikɛʁ faz kolyʃi tɔ̃dɔkɛ̃limɑ̃dal fɔvfʁɛti mɔ̃koʁido faʁbitiʁy mɔ̃ʒɑ̃ la ʁyt
testPhoneme_1EA07D86-1276-4775-88D6-9C3C09FB0F6C.wav,aabo ɑ̃ɔ̃ɑ̃aʒɛb oɛɡ di ɑ̃aaɔɔ ɔɑ̃  ʒɑ̃ ei ʒmɑ̃ ɔ̃ɡa
testPhoneme_724F3630-96CB-4ACE-838C-2BD7F4DDC750.wav,ʁɛʁ  sɑ̃ vam ʁam l mn ɛʁɛn ɡil luʁ u li ʁuʒ
testPhoneme_550CB8EB-1246-4F7F-87AD-4AE6BA097F67.wav,ə dɔi dəʁɔ əɔdibibliotɛk ɔk pʁiɛʃ pɛt ɛtstɔ ʁɔkoti ɛktʁɔ̃tnɛ fi ɑkʁaf kuɛlɑ̃ikɔtɛ kiɛskpuvute o pp skɔty spɛktat
testPhoneme_F17BE1DB-0236-4912-951C-22099972B229.wav,ʒekut pa ma  pɔ̃bi nu ʒandy kɔ̃tʁa ʒylsɛ myʁiʁ baʁtɛ̃ eʁwa nuʁoli ʒikapi moli faɡpikɛ ʒifal kobyʃi tozɔ̃ka inatal  fɑ̃vʁiki mukoʁido va bikɛʁy mɑ̃dyʁ malk
testPhoneme_58AFD282-73BF-4C47-B2EC-D7E4E4751F76.wav,nɑ̃ dylɛ̃ɡo ɑ̃ ɑ̃n ɑ̃ɡllɛʒ fy tɔ̃pe femasɛʁkefɛ ʒaponɛ pɛskə dɑ̃tɔ̃noʒefapuvottbibliotɛk dsɔ lak bʁiaʃ bwat katastʁɔ kokodiekaodida fik ʒjɔɡʁafibwlɑ ilkopta kjak povotipapskopyl ekaki
testPhoneme_B89A0863-CA7F-4BA1-A1D7-EB1D917ECD7F.wav,lɛ al l al na idie kə pal le da didii  sə ɛ klastɔ lati sanɛ klu u i u
testPhoneme_E74E0468-70A6-401B-84F2-D028E7C2A50A.wav,aɑ  aɔa ɔa ɑ   ɔ ɔ a   a a ɔ  ini a a
testPhoneme_16D4DD99-53BD-43AC-83B5-E09D86FEC3A9.wav,ɛʁ ɑɑ̃u ɑa ɛl didlu  il ʁu
testPhoneme_34B758E2-D862-41BB-BCD5-5B449047C617.wav,asɑ̃apoze pakɛl a eɛzɛʁsis de difeʁɑ̃a ii ə vysɛ adada delə lfɛ də dɑ̃le lə pʁəmsɔ dy mpaʁɛzɑ̃pl iʃ də difœj ekɔl ʁmɛsɔ̃ dymɔ ʃœ ɛzatəmɑ̃ekɛskiʁɛ dɑ̃ lelə pʁəmie a ɛɡatʁ skə tʁaktœʁ tɛ otœʁ so te s l pəjesɑ̃ e kɛskiʁɛe dɑ̃lɛedə aktœʁ oɛʁ atɔdafɛ tœakt ak bʁam atɑ̃ɑ̃sfaa l o kan al bʁɛn ɛl ɔnin i laklu ʁyo ə ɔkin s o li pʁi ɔkʁi olo oʃ
testPhoneme_C25C735A-F8BE-4D6F-90E7-A301A78961CF.wav,ɔ̃bi linʒand dutʁ ʒt lyʁʁ maʁtɔ̃ il ʁjɛ ʁwa lyʁɔdi lyʁɔ̃ ʁikape nulyli alkɛ ʒifad kuɡy kolɔ̃ka divaka imɔ̃dɛ fuliedi utɛdɔ ekɛb dɔ̃
testPhoneme_BF0F9FA3-F553-4926-BA4A-E3157C79CBF6.wav,bɔ̃di linɔ famdø bɔ̃tʁa ʒyø lʁiʁ baʁdɛ̃ jifwa nyʁɔ̃di ʁikape mɔlyne favikeʁ ʒfazø koɡyʃi t̃dyf bimɔ̃dɛ fɔ̃ veʁike mɔkuedo favikeʁ mɔ̃tyɛ mɔ̃dyʁanki
testPhoneme_14E99059-AF86-42C4-9EF3-0296CDE08EEF.wav,liʁlə mosk dɑ̃ ɔ̃ ə mlɑ̃ɔe d̃sɑ̃ lɑ̃ a dɑ̃dɔ̃mɑ̃ bibliotɛk  ɔsʁsdəsɔ̃si bɔ bʁiɛ bʁɛt katastʁaf kokodil ɛtstʁadinɛʁfilt ʒiɡʁafi ɡoɛlo ilikatɛʁ kjɛsk botɛ pablbibil spɛkta
testPhoneme_60AB5E25-D217-45DA-91CB-2D8F127E4657.wav,mɔɡ ninɔ sɑ̃ mɔ̃tʁa il ʁi maʁt̃ niʁwa mʁɔ̃l ʒikape molini avika ʒifal kobeʃi mɔ̃dɔ̃fɛ̃ limɑ̃dã fɔvɛɡ mkoʁilo abikiʁɔ̃ m̃a ʁi
testPhoneme_FF0FADD4-813B-40AC-9749-B8FD2A34319D.wav,ɔɑ̃ɛtit u ɛtfoɔ ifãɑʃe ʃɛ ieiɔ  yɛfieu ibuɑ̃ikɑ̃ɑ̃e aly wazo u yvye  ɛɔ̃ʃɛʁ o iʃe ee ʃe ɑɔɑiee i i ieɑ̃iɔ̃fiʁi ism kɔɔɑ̃ɛtiɛ̃piti  ii ɑ̃ti eɑtiɑ̃fit ʃɑ̃ mɑ̃ɑ a ɔt̃ k  atɛʁsdɑ
testPhoneme_2D374096-CBA5-4D59-B3FD-7A80A78116BB.wav,pulɛʁləmɑ̃ bibliotɛk l ɑ̃skikss bɔk sə tʁuvaʁ ɔ̃ pøɑ̃ bʁiaʃ bʁɔɛk kɛtakstʁa kʁopodi ɛkstʁaɔʁdinɛʁ filtʁ ʒi pelɑ̃ e l kiask poʁte pɔ skʁop skʁipi spɛktakl
testPhoneme_18DB4B33-ED30-4BA1-9B2A-F4FDF53E4B1D.wav,ɛʁau kɛ al ɛ ɔ ɡi o o i uz
testPhoneme_CACE0B90-F8DC-4E4D-9F12-1D41E2FE2DF3.wav,pkikɛii aʁv aɑ̃sity la ʁepetaʁo e bjɛ kɛkala ɛka pafi dy etlike sɔ̃ mosjɔ mɑ aaʒɑ̃oʁɛ stisoti t  tʁɑ̃tinɛʁ  i     ealɑlamɛ sɑ̃kɔʁʁɛ̃ ɑ̃pɔ my kɑ̃kpl kɔsty ʃɛ skə tɑ̃tɑ̃ kɑtɑ̃ ləmm e sɛt ekwalmɑ̃ mwɛla ɔ̃  i ɛlikoktɛʁ lkkɔɛiap ʁɛtel ɛ
testPhoneme_19F0E29C-D30B-4ABA-9EED-63E068D7730F.wav,a fa ʃa tɔ̃ b bɔ ʃɔ ʃo t e ʒɛ̃
testPhoneme_3F989843-4181-4B61-B4C6-7DD7A66D8CC3.wav,ɔaii foo fo ʃɛ ɑu  be uɔbʒfilɑ̃sekɔləmɑ e sobi ide bib uɔ̃saʁ lib uʁa da s knɛ se kɔnɛ də mɔtɑ̃s dəibe uɔ̃ debe uʁsɔ̃ ɛ kɔlə kɔnɛsɔ̃ də ʁibu ɑ̃ s k kɔnɛsɔ dəbebe de ɛɡzaktəmɑ sɛ kal kɔnɛsɔ̃ də uʁs bo b  ɔd ɑ̃lb tɔ to toʁɛkɔ lɔtɔəə pʁɔnɛs ddɔ̃se ɑ̃lve əkɔnɛsɔɛ kɔ eltɔbɛl d ddɛ  ɛ u lɛ̃  eni ləkasɑtmɛfɛʁkule ka kɑbʁiʁœ̃ dy kaf ialapalkak œ̃fɛtmɑ̃tɑ̃tanɛɑ̃ɑ̃ t pəti ka epsɛ̃  i  oki ʃ oby ʃɛ o ʃɛoy e ʃo ɔ be ɡo ʒɑ̃ ɑ̃tɛʁna kuz zɔ̃y ɑlibe ʒɑ̃ ɡʁa ɑ̃tka ɑ̃tɑ
testPhoneme_F781D0D4-D0BB-4C9B-BDB7-5DC5AF5997AE.wav,vɛʁam ul am ɛl il lu iʁuz
testPhoneme_A175CEB0-7DD7-42A7-9362-0F1135ED12F8.wav,nɔ̃ ae vu di  davaʁ tə vu d kdɛn plafa bi bliotɛk bɔk baʁɔʃ bʁuɛ kapatʁɔf kʁokodi ɛkkɔʁdinɛ fit ʒeo ɡʁafi buɛlɑ̃ e likɔptɛ kiɔf puvʁt papl kʁipyl fɛktakl
testPhoneme_8718E568-2D18-4C20-980A-880CFDC89139.wav,ɛ a ɛ ʁɛ di ylo u iaɔʁ
testPhoneme_4E1C71F4-B1A9-460E-A6C5-3BBB610796E5.wav,vɛʁ ʁan lu an ʁɛn ɡil u ʁu li ʁo
testPhoneme_55043D45-245F-4FAF-BE31-4879BCFA848E.wav,i lə mɔ pɔ̃bi npuʁa ɔ̃tʁa lyfɛ lyʁi baʁkɛ ʁwa viʁɔ̃i ʁikapi kw fadikɛ ʒʒifavi kuɡyʃi t̃dukɛ̃ bimɔ̃ n bimɔ̃bal fɔ veʁite kwa mɔkuʁidɔ̃ faʁbti y ɔ̃dø la noti finɔʁ lətɛ
testPhoneme_21F342B4-2288-4CDE-A502-B7164D1B65A9.wav,kɔbiinu ʃɛnd kttʁɛ̃ iʃɛ ʁiʁ ɔaʁtɔi iʁɑ̃i ʁɔli əiki uli vikɛ isifɛle uisi ɛəaɔəɛɛalɔ̃ɔɔɔɛɛsɔɔsɔsɔʁɛdəʒɛu dɔ̃ka pi mutɛ ɑʁiʁiti mu puʁe do vabi kɛʁi mo delɛ̃
testPhoneme_5DC5D751-07EA-46D7-85D4-FBD28F326C69.wav,ɔ̃nɔ̃ ɔ pʁofo ɡa va ɑ̃ lə ʃ a ʃa di e i ʁɛs ubu d ɑ̃ dɑ̃ də ɛ dɛlʃɛ ɑ̃ʃ ʃo ɔ̃  ləɡoiʁ ɡɑ ɡ ɡɑ̃ ɡe ɛ əɛ œ kə ʒiœʒɛ ə ɑ ɡɑ̃
testPhoneme_2FF8CA32-A5FC-4419-8842-6AC3F1116D8C.wav,a ʒa bɔ k̃ bɔ ʒɔ bʒe kɔ̃ ʒ ɡɔ̃
testPhoneme_43217C92-CB37-462D-B619-A75882C5168E.wav,uʒ uʒɛʁ el flu kal ʁɛl ʁɛl lodin nodji ɑ̃ l lo tuʁ pili pʁoz
testPhoneme_0A6C7473-5EE1-40CA-AC6F-F7C6534EFEF8.wav,bɔpi inu ʒandy ɡɔ̃tʁa ʒylsø lʁiʁ baʁt jeʁwa myʁoli ʁykape molyni palekɛ ʒifazø oɡʃi todɔk dimɛ̃dal pɑ̃ veʁite moɡʁido faʁbike ʁy mɔʁdy lanəti
testPhoneme_BAADB55D-D646-43FD-8C1E-D1F2D6961459.wav,ɛ  ʁa lo a dʁɛ    di lo ʁu  oʒ
testPhoneme_AD51DE7C-EC39-4298-A0E9-47A1D80454B5.wav,ilu sin ɔ̃tʁɛ ʒylyi paʁtɑ̃ ʁwa n ʁɑ̃dɛodyi a i kɛ e sifazɛ ɔkiʃi tlyʃ lolofoʁiʁii koʁito faʁikɛʁɛ
testPhoneme_11CB9212-F7BE-44D7-BDB3-D85D75B86A67.wav,fã a e  i eo tɔ tɔ ɔ tɔ ɔ t tɔ ɛɛ waɛlwa sɛ o eo eo ɔ ɔ̃ ̃ ɛ ̃ ku ɛ̃tɛʁñ j̃ ɔ̃ʁɔjɛ̃ d ã ɔ̃fɔɛ̃ puka iiila afɛpapʁa mwaœ̃ finaɛ
testPhoneme_68615A5A-005F-4A4A-8D8A-52CFEF837F6C.wav,a ɑɔaã ɑ̃aɑsia deveɑ̃d o ɔ̃si ̃ld ɔsy ɑ̃lv ɑ̃ ɑ̃lve ɑ̃si ɑ̃ le ɛn le fia ɔ ʒə di o ɛ iivɛɑʒe dø a  ɔeɔ ɑeɛdə e ɑ̃ɛʁmal  ã ʒɑ ɑ̃i ʒɑ̃ ɑ de ʒɔ̃ kiɑ̃ i ã dɑ̃ɑ̃d ɛ
testPhoneme_A70837C9-BCBC-411E-90A1-C7F36F8F5475.wav,ɛvɛʁ  ɑ lluaɑœɛɑ̃ vjɛ ɔo  i us lɛ   eiɔ i fini avi sɛ də sɛ t
testPhoneme_80F2DF66-3752-472C-97BC-D52758D7B3D6.wav,pã ɛã u kɑ̃ bu ɑ ɡi kɑ̃ ʒɑ̃ kɑ̃
testPhoneme_8C55CF39-BD67-4820-9C41-2966D5EEE3BF.wav,ɛ ea ɛ a ajeɛ avala ɑ̃kʁɑpəpd llə pʁə lə pʁəmje sɑ̃ dpʁəmtɑ̃tɑ̃ də mo emje ʁɑ̃ lə pʁəmj sɔ̃dy pʁəe mo e lə pəje sɑ̃dy døzɛ mo sɛ̃nje zɑ̃si pazɑ̃kɑ̃tɑ̃ bɔnane eliʁ a lə pʁəmje sɔ̃ də bɔn ba ɛvɛtm  lə pʁəj s̃ d ənea ɛvɛmɑ̃ɛ dɔ̃k i a ezɑ̃sistə di ʃz oʁɑ̃ʒ ɛ ʃ nɑ̃ ti da diʁ lə pəmje m lə pʁmj sɔ dy døzjɛ  iɛ ʃɛ oʁɑlɛa evuta kistki pokutʁo i kɔ tʁwalɛ  ɔ ʁʁɛ a ʁəme sɔ̃  a eia di pdil pʁəmje sdy pʁəɛ avɛk lə pʁəme sɔ̃ dy døjɛ mo a ʃa eben pebe uʁɔ ae ɔ  d o  ide i pkəwla le pae ɛtaʃe neʃɛk ɛ kɔ e a ɔ
testPhoneme_FC0830C6-4C3E-4423-BF64-13F385F0D6F2.wav,libljotɛk bak pʁiaʃ pʁwɛ ik kedstʁf kʁokodi ɛstʁaodilɛ filt ʒjɔɡʁafi nɑ̃vwati ki ki fɛ la vwa də sa a ela fi dɑ̃ lotʁtʁyk fikidəɑ̃ fas pãfɑ̃n lɑ̃tɑ̃ de vwatfij dɑ̃z̃ɛʒ sɛ pavəny dɑ̃ detʁ kɔm sa ʒwɑ̃dɑ̃ sɑ̃sɛn vwa otomatii ailɛkɔptɛ kjɔsk povʁate papskʁypyl
testPhoneme_D7125667-FBBC-4F72-ABB0-2C5B3D66B0E1.wav,pɔ̃bi linu ʒalydy ɡɔ̃tʁa ʒylsø lyʁi baʁtɛ̃ iʁwa lyʁɔ̃li ʁikape mulyne ʒi vazø kuɡyʃe dilɔ̃dal fɔ̃veʁit mu kuʁido avɛke ʁy mɔ̃ ljɔ̃ lã nəti
testPhoneme_F3FAD40C-EB3A-4243-8DF4-D76A9B11EAC0.wav,fɛ̃ ʃɛ̃ bu kɛ̃ b ʃo ɡɛ kɛ̃  ʒjɛ̃ ɡʁɑ̃
testPhoneme_8791C552-8243-4298-B89D-3046498D3DE1.wav,vɛʁ ʁan  al ɛl ɡin ɔ ʁu lil ʁuz
testPhoneme_549CB1EB-53B0-4C36-99E4-3588B00F0B2B.wav,kɔ̃bi lino ʒamity kɔ̃tʁa ʒylst lʁiʁ baʁda iʁʁwa nuʁuli ʁikapɛ mulynɛ favikɛ ʒifazɛ koɡyʃɛ t̃dɔ̃k imɑ̃ pa mɔveʁiti mkiʁto faʁikeko mɔʁlə la dyti
testPhoneme_53AF246F-2C9F-48AE-B3B2-44A8729819DE.wav,amɛ fo fita u ifo il  lve lə o ely ɔiɔə ɔsɛɔaʁfo ʒə sɑ̃ve lə o səmɔuvɛ ələ ɔdəɔseiseedɛɛʁ ɛɛɛ ɛʁ a lo am ɛn di abe moʁəti yeʒə deʒafɛ ɔɔ au o u wi u  li  u
testPhoneme_3C1F481F-4F88-42A8-81B5-5D2365A61F39.wav,ɛsɛ i sɛʒwa i  a ʃi
testPhoneme_D2043AB4-8067-477D-AC40-53F8EDE19665.wav,adiʁ lə mosiiy k kil fo fɔdi lə mo ɑ̃syit  fo lə diʁ avɔt bibliotɛk pɔks pʁɔ pʁoɛk katastʁ t kokodi ɛkstʁaʁdinɛ fik ʒeɔɡʁafi kolɑ̃ ikɔptɛ kjɛsk povʁoi pøpl ply pɛktak
testPhoneme_CE0B572E-3A5B-437B-8293-656A978E5CF0.wav,pɔ̃ bi di nu ʒa nə dy kɔ̃ka ʒyn ʒø lyʁii maʁtɔ̃ ikwa dyʁɔ̃ li ʁekape vuline pavikɛʁ ʃi fazø ku ly ʃi kɔ̃ mɔk̃ dimɔ̃dal ɔ̃viʁet ukuʁe du ɔviʁe ty ̃ dyʁlɛ̃ ʁɑ̃ti
testPhoneme_DD884C44-FEC0-4832-8A90-F0C79474FC4A.wav,bibliotɛk bɔk ʁiɛʃ buɛt kɛpøvɡʁɔf kokdil kstʁɑ̃dinɛʁ fikʁ ʒeɔɡʁafi ɡwɛlɑ̃ ilkotɛʁ ʒjɛfk bovoti bop skʁypil spɛk
testPhoneme_4075E6FB-C063-46CF-94F7-554618EF0A88.wav,bibljotɛ bɔkbʁiɔ buak kapalkɔf kokodi eiɔtilɛ pyk ʒykɔ blɔilikoptɛ kjɛk bovwati bɔk kupy pitak
testPhoneme_B36EF882-3656-48F3-B701-4FA137B61010.wav,ɑ̃ ɑ̃ɑʃa iɔɑ̃ba ɔɑ ekɔ mpu va  u  ʃo ɔ̃eɛɡɛ  ɑ̃ɛakɔ ɔ̃ ɑ̃ɑɑa
testPhoneme_FCF52C26-BD9C-46EB-9AB8-BDF501AD971D.wav,ibliotɛk  ʁɔʃ ɛt tot okoti ɛkstɔʁtii kɔʃɡulo eotɛ kk oftiskybia
testPhoneme_971CBF1F-52E4-4007-BDD8-851CEBF4F9EB.wav,ʒɛ paz ətɑ̃dy paʁskə ʒetyʒatapa ɛ bibiotɛk ɔ bo ʁiɔf bʁoɛt katastʁɔ okodil ɛtstʁɔdinɛ fit ʒiʁafɡɛl̃ iɡotɛ diok povʁt əkopspɛktal
testPhoneme_D428D15C-C60A-4C47-BAE1-D5F0DD4099D7.wav,biblioɛk bibliotɛkbɔk pʁiɔf bʁoɛt katastʁɔf ʁoɡodi ɛkstʁɔdinɛʁ fikʁ ʒioɡa ɡʁafi ɡlo eliɡɔtɛʁ kiɔsk povʁdipɔpl skʁybyl spɛka
testPhoneme_B4351B27-EF2D-4251-9FD7-E584801144DE.wav,fo œ̃ e lə kssɔf ɔɔdɛ̃ ɔ ɛ̃  jɛ  ̃   ɔb be mebu  œ̃ ɛ̃ ɛ e  be e ʃe  œ̃ ɛ̃ k u ku ʒɑ̃ kəʁɛ
testPhoneme_9EF19434-0FBA-4041-B33A-7B1A5772D9A4.wav,fotu atisti f t lə sɔ̃də tst o ftɔ aʁtstik ati sə kə po sɔ̃ də fodo  lpa ɔ  ʃ̃ auti  a vebe usɔ bɔ lebe o sɔ  sjɛ̃ o tɔy ɑlve ataʁti eɑ̃leve də lanɛ  kə vuz te tɔʁtɑ̃leve tɑ̃ vɛl waʒo b sɛ kɔ sɛ kɔ̃bwa w ʃɛʁ ̃ɡyst e e iʒe pla kɛkœ̃ pɛ ɑdv  ʃɛʁ õɡst  mʃɛʁ kɔi sɔ̃fɛʁi əl ʃo ãʒetamɑ̃ʒy ɛ ɡɔ̃ pɛ ɡa e e pa pe i ɡɔ̃ epɛ dɛ uvɑ̃ ãfɛʁnal kɛ ʒɑ̃ti ɑviti   mʒoli  kopãʒɑ̃ti e ɑ̃e ̃ʒɔ̃di ɑ ɛ dɑ ̃ ʁa ɑ̃tʁ ʁɑ
testPhoneme_4A297266-5875-4BEB-8600-7C08176D7000.wav,oto aʁtit fa  aɔiʃ a dyaɔ  ɡbo ɑ̃eɑ̃ l kadɑ ɛnɑanoma vwaɔeʃo eeikɡɛ d̃ɑ̃ɛlaɑ  ɑɑ̃iɑiʒɑ̃ maɑ̃dɔɡ
testPhoneme_0A3DB196-2280-49E8-A3A2-B82483FF3233.wav,bibiotɛk ɑ bɔk bʁiɔ poɛt katastʁɔfokodi itʁɔdidɛʁ filtʁ onɔ elikytɛ tjɔsk poote spøpl skypyl spi
testPhoneme_BDC4F14C-77E5-465F-A2D1-64A87D9C2973.wav,bibiotɛk ɔks bʁiɔʃ bɔɛt katastʁɔ  ɡʁoɡodil ɛkstʁaɔʁdinɛʁ filtʁ ʃeɔɡʁafi ɡɔlɔ̃ eliɡptɛʁ keɔsk povʁti bɔp skʁyp spɛktakl
testPhoneme_4C5AB353-77B9-4D7A-B974-20389D4A4CD5.wav,i ʒɛ fɛatlɑ k ɛ  ɛd  il io u   i
testPhoneme_29292656-FA59-43C2-B243-ACEE9EE0A679.wav,ɔ̃di ɔ̃di n inɔ ʒan dy sɛnidi kɔ̃tʁa ɡ̃tʁa ʒəs yfe lləl ʁi baʁtɛ̃ baʁtɛ̃ lewa ɛwa nuuli nyʁɔi likape ikape ulyninyvine favikɛʁ avɛkɛ ʒifaz ifaʒi ɔɡʒ kolii tɔ dɔ̃k todɔ̃tɛ̃ dimãdal wi mɑ̃da aveidi ãveʁitnu puʁi dɔ̃ muʁpʁi dofavikeʁy maʁite mɔdyʁlanədi mɔʁodə ja ki
testPhoneme_A8F46369-5F13-4D91-9A31-C43E37B3216C.wav,pɑ̃sʒio ʃɑd kɔ̃tʁɑ̃ʒyʃ lyʁi paʁtɑ̃ jɛʁ ɑ ʁɔ̃di ʁɛkamolini fɛlkɛʁ ʃifaz koɡyʃ todɔk pim̃taɑ fɔ̃ œ̃vɛʁ sitiɔɔ̃ koʁidɔ  ɔɑ̃ fa tiʁʁy œ̃jɛ̃ sɛtnətjɛ̃ pa syʁmɑɔtiyʁɛ̃ y pi
testPhoneme_2F558A1B-2C70-478B-A052-63DB5F7ACED5.wav,tʁɔdi lin ʃalydy lnuka ʒiʃ lyi baʁt liʁwa nmuli ʁitate mulyni ʁikɛ ʁaʒ koblʒi toduka libɔ̃ta ʁʁiti ukoʁito aviʁikʁy mdɑ̃ ɑ̃ nyti
testPhoneme_0D578070-850C-4A0A-98CD-3BF895621800.wav,ɑfaʁɑ ʃ ʃa ei u  t̃ tɑ̃ɛmɑ̃ɔ ua ʃo ɑe ɛɑ̃ɑ̃̃ʒalike ɑ̃ɑ
testPhoneme_A2DA3F43-DBF9-47BB-A2C0-EC6220D0B2FD.wav,a ʃɛ ɛ oʃu pu tu ɛ y ʃ ʒe e ʒə də diʁɛt apʁɛ ʒə fini ə la osi k djɛ kɑ̃
testPhoneme_D530C0E8-BCC1-4AF7-B8D7-222B98EF4617.wav,ɔɛi  ɔtɛ̃ i i aɛi i ini ikiiɛ i tɔn emɛiii ɔidiiɔ ɔinin
testPhoneme_78619091-6FAA-4329-9ADC-211F242E2C51.wav,ɛɔ ɛ ɔ a ɔ  ipyiɔ  kɛ ɛ    ɛ ki eki fitɔɛkɛ  e
testPhoneme_DB6EDC48-040A-48EF-BCD8-9234822A3E82.wav,ivɛʁ ʁɛm fʃ kɛ ʁɛl o di fltu li loz
testPhoneme_59A6850F-CF62-4BA0-84BB-D965511EFC59.wav,pɛ ʃɛ̃ bu tɑ bwã ʃo de kə ʒjɛ̃ dɔ
testPhoneme_3188517D-1494-4C43-A226-4356CCC8B4BA.wav,a kɔ kɔ ɔ k k kɔ kɔ ʃɛ ʃa kɔ ɔ k  ʃɛ̃ kɔ
testPhoneme_F5FE41D5-7274-495D-AE90-33A9FF7A8409.wav,pɔ̃li inu ʃalody kɔ̃tʁa ʒylø lyʁiʁ baʁtɛ̃ ljɛʁʁwa nʁɔ̃li ʁikape mulyne favikɛ lifazø kobyʃi tɔdɔkɛ̃ mɛ̃ɡal fɔ̃iʁiti mɔ̃koʁido faʁitiʁi  dyʁɑ̃ la ʁyt
testPhoneme_438DE339-68EB-47BB-8C52-2DDDD1C2C9C4.wav,ibliotɛk pɔks bʁiɔʃ bʁuɛ katastʁɔf kʁokotil ɛkstʁaɔʁdinɛʁ fliltʁ ʒeoɡʁafi ɡoɛlɑ̃ eliɡɔptɛ kjɔsk povʁte pøpl skopil spɛktakl
testPhoneme_D987E1D8-D53F-475B-8B87-19C42FBDE89C.wav,blɛl nu ʒɛnidi butʁɛ ʒeliʃi lʁɛ baʁtɛ̃ ʁɛʁ lə ʁoni ʒkɛbi ni ɛbikɛ ʒe fɛ kuvuʃi tɔtkɛ̃ di mɛ̃tɛ ɔ̃vʁt  ɔʁtu ikiʁ ʒəʁɛt      e
testPhoneme_01C4B1E9-48E2-4CD2-BBC9-C547EB97D754.wav,vɛʁ vɛʁbʁam am a oaabʁamʁaʁamʁam lolo uʁ an kɛanʁɛn dʁɛ dʁn ʁɛ yn ɑ̃ ɑ̃di ɑ̃tid loplo lo p lolo  to  to opipilipliplpliiɔ uz
testPhoneme_F3A41388-9FB4-438A-B3B0-5D9B447CFD2E.wav,uvɛʁ ʁan l a ʁɛn vin kʁy lu ʁ  ʁuz
testPhoneme_BE5F9318-5C25-41A9-9AD4-BF9CD316FE45.wav,ɛdi liɔʁ ʒadidi detʁa ʒys lə ʁiʁ paʁtɑ̃ʁa e ɔ̃ li ʁikape molyne faviɡɛʁ ʒifəz klyʃi tɔdotdimada ɔ̃lidi okoʁito ʒuna lə t
testPhoneme_A932211C-FEA4-49D1-BB0D-C3E24D9D5131.wav,ɛ̃ ʃɛ  dɛʁne mwamoddø ø  bø ø ø  o ʃo ɛ tɛ̃ ɛ̃ i  j ã tɛ̃
testPhoneme_A4366250-DE73-424D-A2D2-E66F1D03E617.wav,ãa ylu ɑ̃ ɔʃa iɔɔ ɔi ɔis
testPhoneme_EF02C95B-D7A7-44D2-A6B1-D24389F8AC73.wav,pdi i nɔ ʃɛndi ɡɔ̃tʁɛ̃ lysy ʒyʁiʁ baʁtɛ jɛʁa miʁɔli ʁikapi m̃lyini tɔ̃dɔ kɛ̃ bi mɑ̃dal ɔ̃vʁɛti m̃kuʁʒido faʁbeʁɛkʁy ɔ̃dyla ʁəti
testPhoneme_A7504C57-2470-4575-9AA9-4DAEF5711F8E.wav,bibliotɛk bɔk bʁiɔ buɛk katastʁɔf pʁokdi ɛkska dinɛ fitʁ ʒiɔʁafi ɡulɔ ilikopɛ kjɔ povʁote bɔkl skʁykyl spitak
testPhoneme_8A727125-C742-4259-9CC0-0AD432E4A4BF.wav,ef fɔ̃didʒɛ̃  e  al fotoa ã bafɑ̃fɛ fo a e a e e a fe a  be mɑ̃ b bbe ʒe be be e vu  bo b  tʁɔ̃ tuʒu də kʁi ʃɛʁ ody b e  a  e e e wala aletekt puʁʒɔ̃ ɑf  e e f afɛ ka ʒɔ ti ɑ̃viti ʒe e e ʒi ʒe  ã e ʒ
testPhoneme_19844685-58CC-49CA-B5A6-3F434624108C.wav,bɔ̃i inu ʒm̃di kɔ̃ka ils lyʁiʁ matɛ̃iʁwa nyʁɔ̃ ʁekabi mll avikɛ ʒa koby komɔ̃ka i madal ɔ̃ veʁiti moɡoʁido ateʁe by ɔ̃ yʁa d ɛlə tut ɑ
testPhoneme_F10C3ABE-549B-41AC-89E7-B5F581531F4C.wav,bibjotɛk pap ʁia pʁɔɛt katastʁɔf pʁokodi ifʁat odnɛʁ fit tɔɡʁaʃi kɔelɑ̃ ilikotɛ tjask povote papo pləpø se
testPhoneme_8BDDB598-8C9B-4561-8CF3-D9ED636A96BA.wav,pɛplɔtɛk bok kʁiɔʃ bit kɛtastʁɔf ɡkodil ɛkstʁɔdinɛʁ ilt ʒeɔɡʁafi ɔilɔ̃ɛlikɔtɛʁ kiɔsk bovʁi kk sklykɔl spɛktakl
testPhoneme_E632B118-CFEB-4138-8784-D4C8E49ADA7C.wav,ib utɛk bɔk bʁiɛʃ buɛk katakɔ kokodi ik iktʁa do nulɔ fikʁ iokafi bɛlɑ̃ ilikɔptɛ kiɛk puvʁti pɔp ʁypil
testPhoneme_DB886862-57F0-4834-B9A5-856DFDBADAA7.wav,ɔ̃ɑ̃ɔ ʃɑjɛɑʃk ɑ̃ɑtɑ̃ɛ̃fiɑ̃eek kɑ eɑtɔpɛsɛ ʃɑɑ̃eẽsiɛ̃kɛi sɔ ʃɑ̃ ɑ̃ɑ̃ɛ̃kɑ̃
testPhoneme_8A827857-FEFD-476D-A3B3-9AB0DF3F0A86.wav,u bʁɛ pa k kɛ ɛ ʁika pa pa
testPhoneme_6ED9E989-53F4-4F2C-BC87-AE22BA60676C.wav,ibiotɛk bɔk ʁiɛʃ bʁwɛk etɛftʁɔf kʁəkdi ɡɔdlɛ fikʁ ʒokʁati ɡoɛlɑ̃ iɔktɛf  bovti ɛ kʁypyl ektɛk
testPhoneme_C0186AB4-9D6B-44F1-A10B-8FFC4FD01EC2.wav,vɛʁ ʁa ã u ãɛn in lpl lo lu ʁu e  o
testPhoneme_B4564E3B-F139-485C-8DB0-45F55681BBE2.wav,ɔtɑ̃faɛɔi i ɔk̃ʃɑ̃iiʃa ɔ̃ʒɛ e kɔ̃sɛ pze kɔmɛ ooz i kœ̃ ɑ̃ tɔ ɛskɛmsol ɔ̃ɛ iikɔ̃ pɛliɛ œ̃ poplie aomo
testPhoneme_A2FAE233-3901-48E7-86B0-E392872E891A.wav,vʁ am l an ɛ lin o ɔ lo  li  oz
testPhoneme_A60C2B63-A0DF-447C-9A11-F17E72595C95.wav,a  ʒa  bɔ t tɑ̃ bɔ  ʃo  ʒ ɛʒjɛ ɔsa aɑ ʒɑ̃ ɡɔ
testPhoneme_783EFB4F-1E19-4FF0-BE1F-6274A9B3EF5C.wav,u nɑ lɛv u ɛs vɛʁ ɔ̃ ɑ̃ lɛ pø iʁɛstʁabɔ lə ɔ̃ lɛv fy ɔ nɑ̃ lɛ ʁs l  ɑ̃ lɛf p iʁɛsa ɔ̃ nɑ̃ ɛf tʁ nɑ̃ lv pøt ɛstɛl ɔ nɑ lɛv ɑ̃ iʁɛsdil ɔ̃ nɑ l p iʁɛ lo ɔ̃ lɛv  ø iʁɛstʁ ɔ̃ lɛv pø iʁɛ li lv pø iʁɛst ʁoʒ
testPhoneme_643DAF81-575B-4641-B679-2F8FBF2133EE.wav,pli ilu ʃanudy ɔ̃ka si  liʁ lyʁiʁ maʁta lɛʁwa miʁoli ʁikate ulyni favia ʒifaʒ ukliʒi tutuka libɑ̃dɛ fɔ nɔ meʁiti mkoʁidu ʒavɛkiʁi mam̃ɡa la ʁy ti
testPhoneme_6B55AF10-CD73-4FC1-90C2-73B6970FD910.wav,p̃bi linu ʃãnɛdy bɔ̃tʁa ylsø lyji baʁtɛ̃ i ʁwa nyʁul ʁikapi mulyni favikɛ ʒifavø koɡyʃi todɔ̃kɛ̃ bi mãdal fɔ̃ viʁiti mukoʁido aʁvikiʁø mɔ̃dyʁlanɛti
testPhoneme_D955B474-0FAA-4490-9026-7B356916E059.wav,pɔ̃bi lnu ʒanidi kĩk ʒyls lʁi paʁt le ʁwa nyʁɔ̃li ʁikaʁte olne faʁie ʒiʁzkobʒi todɔ̃k dimɑ̃dal fɔ̃ʁeʁite mɔkuʁido paʁikɛl mdyʁlanə ki
testPhoneme_C989F901-2EEA-4FE0-AFC6-9B3C30280276.wav,ɔ̃di inu ʃɛndy dotʁ ʒlsø myʁiʁ paʁtɛ̃ jɛʁwa yʁɔi ʁikapi blyne favikɛʁ ʒifazø ɡoɡyʃi todɔ̃kɛ̃ ɡimɔ̃dɔl fɔ̃iʁiti oɡoiduaʁfikiʁ mɔ̃ʒʁnalti
testPhoneme_207BF9D7-BB60-46D7-BDB7-212006C8A139.wav,a  ʃa bo kɔo  ɛvwɛʁ  ami ɛʃo i ɛdkɑ̃ ʒɑ̃ ɡɑ
testPhoneme_555ECA12-3982-4FB5-B44B-CFDBD39901A0.wav,dy ʁɑsɑbləmɑ̃ ibiotɛk  kɔk ɑ̃sʁiɔʃ bʁɔɛ katɔstʁɔf kukwatil ɛkstʁadinɛʁ filt ʒeɔɡʁafi kɔɛlɔ ikotɛ is pɔfʁte kɔkl skʁipyl spɛktak
testPhoneme_D1F3944A-6DCD-4B79-960D-7F8E054B8D7A.wav,iliɔ mak ʁʁɛa bwɛk kataʁtʁaf ɑʁd i ɑ̃liɲ fik liɑ̃aiɡwɛlɔ̃ in tɛ kjɛ  puɑi pap skypyl
testPhoneme_E2AEEB53-20F0-4403-85CC-21CDC5EC3B22.wav,œ̃ vwapje kwadibdilɑpuʁlĩləmɔ dɑ̃ lə mo bibliotɛk bɔk bʁiɔ bʁwɛt katastʁɔf kʁokdil ɛkstʁaɔʁdinɛʁ fltʁ ʒeɔɡʁafi bulɑ̃ ilkɔptɛʁ kifɔk povʁote pɔpl skʁypy spɛktakl
testPhoneme_4D9FDEB2-381E-476A-B25A-0192F6D24DDF.wav,i iklooɛ bɔk pʁiɛ bʁwk kalastʁɔf ɡʁokʁodi ɛkstʁaɔʁdinɛʁ fi ʒeɔɡʁafi ɡwilɑ ilikɔpti kik otibak skʁybl i
testPhoneme_967FB1B2-FFA0-4790-A21F-01190C962786.wav,uvɛvɛʁɛ bʁam an l e a a i ʁɛn  ʁɛn   uekueɛd ɛt̃ ɛd   u lulu tu a ʁ e l  ʁuʒ
testPhoneme_55872796-A1AD-41FD-8E3E-0388CF109B7A.wav,l bibliotɛkskə sə tʁuvɔʁpa fə fɔʁ tpø plydipʁ ʃɑ̃ʒ bak bʁiɛʃ puɛt epaskaf kokʁodil ikʁaʁdimɛʁ filtʁ fiɔɡʁafi bulɑ̃ ilikɔptɛ kjsk povʁtɛ pk skpyl pitak ʒf
testPhoneme_1BE02E59-DFAE-4322-BF2E-210524898FD9.wav,vɛʁ a u an ɛnin o  i ut imɔ̃di pʁut ɛʒi aemɔ̃di pʁuz uz uz
testPhoneme_E201B037-51A4-4D2D-B62C-97B78AC9AA55.wav,ɛwɛ ɑɛl  u ɑɛl ɛ ɛ ʒim u u  i ɔu
testPhoneme_D3C32716-C335-4501-B642-EC6F1D2F262F.wav,ɛe ɛ eaɑ̃ɑəjɑ̃sɔɑ̃aiʁanao aaɑ̃ɛ ɑn aãiyni kɑlo ɑu  i  u
testPhoneme_23AAC953-2732-4B66-9116-441BDDC467D9.wav,pli lilo ʒalɔdy ɡlətʁa ʒle lyʁiʁ baʁtɛ̃ ɛʁwa iʁoi ʁiɡapi molyni faʁitɛʁ ifaz klʃi tuluta bilodal fuveʁiti wi mɔkoido paʁlikiʁi baʁdyʁ la ʁyt
testPhoneme_7A81848C-A424-4BBB-99C3-19F2F76A3866.wav,pɔ̃di minu fandi mɔ̃tʁɛ̃ ʒlz lyʁi maʁtɛ̃ iʁwa miʁɔni ʁkapi molini aviɛ ʒifaʁ kobiʒi k̃ dɔkɛ̃ livɛ̃dɛ̃ mɔ̃bɛi mɔkuʁɛdo faʁvn mɔ̃
testPhoneme_7397702D-F6C2-49F3-BEC1-5C6251710F77.wav,kɔ̃di ini ʃani dy ɡɔ̃tʁa ʒylø lyʁiʁ paʁtɔ̃ jɛʁwa myʁɔ̃ l fikape mɔ̃ lne fadikɛʁ ʒ faʒø̃ kuɡyʃi tu dɔ̃tɛ̃ i mɔ̃dal fɔ̃veʁik n kuʁi do faʁvikeʁy mɔ̃djỹ la nuti
testPhoneme_EE3A0A30-D8A5-4390-97E4-E1392399B9F7.wav,lɑvɑ̃dɑ̃daɑdyœ̃ kɛpaɔɛvəzɔ kəkə sy ʁepete dʒjotɛk a ʁdbibliotɛ bɔk bʁia ʁɛt kɛtɛftʁɔf ɡokoti ikkɔtl fik ʒɡʁafiboilavikɔtɛ kjɛk bovʁoti bɔk skopy spɛktak
testPhoneme_643535E9-EEBB-41B8-977F-4F7DA12B956B.wav,bɔ̃bi linu ʒalidy kɔ̃tʁa zysə lyiʁ baʁtɔ̃  iʁwa lyʁɔli i molyli faʁitɛʁ ifazø oyi todo bimãpal  ɑ̃veʁii okoʁido  fa mɔ̃dyʁ laʁyti
testPhoneme_B8C133A1-9B32-44BE-A448-9F6C808ACCF0.wav,kɔ̃li il lu ʒaly di kɔ̃tʁa ʒil fø lyʁiʁ baʁp jɛʁwa ʁoli ʁekali molil faviɛʁ ʒi fazy ulʒi kudɔkɛ̃ di mɑ̃tal fɔl liti mɔkɔido faʁlikiʁɛ ʒəʁlalat
testPhoneme_533DD309-889B-49C4-A38B-351AD8ED5934.wav,sədɑ̃ tɑ̃ ɑ̃ mo ibjotɛk e ɑ̃ sy  ʒə ʁepɛt avwaʁ e ɑ̃ sypɔkykasjɔ̃ mosø pɔk bʁiɔʃ bʁɛt katastʁɔf kʁokodil ɛkstʁaɔʁdinɛʁ fil ʒeɔɡʁafi ɡoɛlɑ̃ilikɔptɛʁ kɔk povʁti pɔpl skʁypyl spɛktakl
testPhoneme_700E7C9E-2F28-4287-8635-654341515621.wav,bɔ̃li ilu ʒanydy ɡɔ̃tʁ ʒylʒø lyi baʁtɛ̃ jɛʁwa myʁoli ʁikɛpi molyli falikɛʁ ʒifaʒy koɡyʒi todɔ̃kɛ̃ limɑ̃dal fɔ̃velik mokoʁedo faʁvikiʁe mɔ̃dʁla litik
testPhoneme_1BC5460E-AE24-4667-83DC-AF66A3B907C6.wav,u vɛʁ də ʁam fø lu kə an də ʁɛn ɔ̃ din plo də uʁ pø li pø ʁɔz
testPhoneme_30BCECA2-8F75-4CAE-A1B3-A63148291E63.wav,isydisiõɔləmõ ddoñ ʒibliotɛk ɑ̃sydy mmɔmʒ̃ɑs d mbɔk bʁiɔʃ bʁoɛt katastʁɔf kʁokodi ɛkstʁaɔʁdinɛ iltʁ ʒeɔɡʁaf ɡolɑ̃ elekɔptɛʁ kiɔsk povʁotɛ pøpl skʁɔpyl spɛta
testPhoneme_E2D7445F-C2C8-49AD-B421-266A560099A6.wav,tɔ̃bi iny salydy  mĩkʁa ʁiʒø ʒʁiʁ maʁtɛ̃ iʁwa iʁɔi ʁikapi yne aʒikɛʁ ifaz koɡyʃi tolỹka mimɔ̃dɛl sɔ̃veʁiti mykoʁido faʁvikiʁy mɑ̃di laʁnyki
testPhoneme_CB54EE9A-4497-46AE-8566-DEEE121B2442.wav,aʁtiti tœʁʃik aupi debe kuʁ sɔ̃ dɔʁti ɑ̃lve bɛl wado fɛ ʁoɡy ɡɑ̃ ebɛkudɛ̃ ɛ̃fɛʁnal ʒɑ̃ti ɛ̃viteletu kɔpʁi sav kə sə moe pad se ku avotɔs d s baa
testPhoneme_7EB9E312-0E9E-4346-AD99-70F3BAE0D186.wav,pɔ̃di linu ʒamdø kɔdʁ ifø ləi paʁtɑ̃ liɛ  lia tʁwa myʁõi  ʁikape molyni faʁikɛʁ ʒifaz kubyʒitodokɛ̃ imɔ̃dal fuvʁiʁiki mɔkuʁidu fa ɡkiʁø mɔ̃djɛ̃ di
testPhoneme_759432CA-6FBF-4BCE-A7A3-09683559B88C.wav,efodiɑiɛnɔsita ɑ̃tɑ̃dy kuvɛʁ wi sɛ kwa l pəɛ sɔ̃tia pəmɛʁesɔse esɔɔnɛsɔi ɛ elɛə paʁle dɑ̃le kosɛɲ ʁanʁɛeəka  ɔɔ
testPhoneme_1A2EBD01-E868-4E0F-9F40-4965BB53B6C9.wav,a uvɛʁ ɔ sa fɛ lə deby e kɛ sə  ʁst alɔʁ nɛ ɛɡzaktəmɑ̃ ʁam bʁe kɛ sə ki ʁɛ ʃlu il fa diʁ sə ki ɛst ɑ̃ fɛ ty pø ʁepete məsjø flu fi ʁɛsk s ʒyste kɛ sə ki ʁɛst alʁ lu dɑ̃z ʒan ka y iʁɛ pa sə ka fɛ lə pʁəmje sɑ̃ sɛ e kɛ sə ki ʁɛst a vwala ʁɛn  vwala e kə s ki ʁɛst ʁɛ̃n dɑz ̃ œ̃din ɔ e ʁɛst di plu e ɛst lo dɑz œ ʁu eʁɛ ʁ ɑ̃ʒ pi e ʁɛst i dɑ̃ œ tʁuz epʁɛʁɛstʁus ɑ̃z œ
testPhoneme_D3399169-970E-4D77-BEA8-555F52F35F66.wav,ɛʁ ʁn l a ʁɛnlo o i o
testPhoneme_5AF384E4-7D72-4E83-92FB-8060ED70ED52.wav,aɑɔãiaifap tjɛ̃ aɔʃap ʁeve ̃ɑbo ɔ̃ɑ̃ l dɑ̃ve dɑ̃ ɛl ʒɛdɔsɛʁ ɑ̃e ɑ̃ etɛ de ʒɛ̃tɛʁnal ɑ̃ ʒɑ̃ vie  ɑaɑtɑ̃k̃
testPhoneme_4806B4B6-2B79-4B15-8446-05615D87338F.wav,uvɛʁ a ʁam lu œn ɔ̃ ɛm ɛn ɔ̃ki ttu li ʁz
testPhoneme_18C112F8-8C1F-441B-B528-6244093F22BA.wav,yladydsi nɑ̃tɑ̃dy mɔ̃ ipotɛk paʁfɛtɑ̃ sɛkɑ̃ta kɑ̃ n aʒ dy evasasjɔ̃ pɔk pʁiaʃ pʁɔɛ katatʁɔkʁokodi ɛkstʁadɔʁdinɛʁ fitʁ kiɔɡʁafi kɔelɑ̃ɛkotɛ iak povtiat ʁityil lɔʁstɛkk
testPhoneme_E1A238A5-7E73-4FE9-9986-4A14B017E2A0.wav,vɛʁ ʁam floɡɛ al ʁɛl ɛl ɔ̃dil ɔdi di klo klooʁu li i lik ʁoz oz
testPhoneme_ABA6EE4C-512C-48C8-A05D-E93A7637EEC7.wav,la va ɑ̃tɑ̃de  asa emɛ to kɔmɑ̃tɑ̃tɑ̃bii bi otk bɔksbʁiɔ bʁɛt katastʁɔf kʁokodil ɛstʁaodiʁnɛʁ vitʁ ʒeoɡʁafi ɡoelɑ̃ leɡɔtɛ tjɔsk savbovotɛ blɔk sʁy pylspɛktak
testPhoneme_969F7343-1415-4F06-96B0-CFCCC32D7D3E.wav,ʃaʁʃ eɛ tɑ̃ia bwa ʃɛ ʃɛ  ɛ ɡɛ ka leʃɛ̃ʃɛ̃ k
testPhoneme_3160C2C8-44FA-49B4-9BCE-2FF6EAF0674B.wav,vu mu ʒəi pɔdi idu ʒaly dy vɔ̃tʁa ʒyʒ duʁi maʁtɛ̃ iʁwa iʁɔji ʁikapi bulyne faviɡɛʁ ʒivaʒø ku dyʒi tu dɔ̃ki dimɑ̃dal fuveʁi di bukuʁu favikyʁ mʁdiʁla nu di fimiʁ
testPhoneme_ED00301C-8629-421B-8E8D-FD3B137B6C61.wav,ɔmɛ ɑilib  ɑ̃ ɛpɛn ɔ̃di nɔ   ɔ
testPhoneme_DAF13A7E-64A2-4F55-8E92-687AD296518B.wav,ɑuvɛʁ fɛaɔʃdʃvɛʁ uʁʃ bʁam  ʁœ œ l  ɡan ɔ̃ bʁɛn ʁsə tʁu  yvi u lu ylu u ɑu l  ilu uʒ  ɑ̃
testPhoneme_E83A913C-9E30-48D3-A1FD-A79F213055ED.wav,k kui kə ɛ ɛ aɛ kɛɛ dɛ ɛ ɛ di  fɛ  kɛ  ɔɔ
testPhoneme_31D455DE-7D07-4895-B172-25F32BEC7692.wav,pli i nu ʒly kɔ̃tʁa lys lʁ paʁʁwa uli ʒɛpll ʒaiɡɛʁ liʒɛʒkuy tʁut ivutfolɛd ɔkʁed abitɛdəla tiksy
testPhoneme_4BF84359-401C-4E7E-B972-E07DCD53A2CD.wav,a ɛ bɔ tɑ bɔ ʃo di tɔ ʒɔ̃ bɔ
testPhoneme_E22FF28E-D391-4C8C-8812-7E1A15F8C93E.wav,ti ibiblioɛkdelsydsɔkɛbɔk pʁiʃ pʁɔɛt katastʁof kokdil  iskʁadinɛ il  iɡʁfi uɛlɔ̃ biɡotɛ kiak puvote papl skʁypyl e spɛktak
testPhoneme_2197E2CF-3A6B-40AE-BA66-39B8EE3E7097.wav,vɛʁ ʁm lu an ɛ ɡi l ʁu l ʁuʒ
testPhoneme_1B2491CF-D3BB-491F-9A0A-D5F2E0DD5BA3.wav,fɛ̃ ʃɛ bɔ bɑ̃ be otɑ̃tʁ tjɛ̃ oɡyst dɑ̃z œ̃ mwajɛno ʃjɛ̃ oɡys ɔ̃ i ʃo ɡe kɛ̃ ʒ̃ ɡɔ̃
testPhoneme_CA66EE00-6D0D-4FDE-8CF7-48310CD826BA.wav,ɛʁ ʁa lu am ʁam ɔ̃ œ din lo li  ʁuz
testPhoneme_1EFA2F89-0580-49EC-BC39-72EDE63F5920.wav,ø iʁ ləmi dibi o tɛk ak bʁia vɛɛ kɛkakaʁəkɔdi e ʁɑ̃dinifitʁ ʁaɛi likaɛki  etipa kyti spɛktɛk
testPhoneme_6D7D5F41-5512-4CC0-BF2F-1C6FA008BD34.wav,kao b ɡ ɡe ki ʒi ɡo  ɡa
testPhoneme_6FF731A6-DD89-432E-B690-DF9A3B76C86D.wav,pɔ̃di enu ʒanydy kɔ̃tʁa ʒils myʁɛʁ paʁp leʁwa lyʁodiʁekapi mune fabikɛʁ ʒvaz kupyʃe pdoka li matɔ fɔ̃veʁite nukoʁido fɑ̃diteʁy ɔdɑ̃ la dəti
testPhoneme_81F4D3BB-1498-4EC0-A49A-7BFE0D277542.wav,pɔ̃bi inu ʒaldø m̃tʁa ʒylfy lyʁjɛ paʁtɑ̃ɛʁwalyʁɔ̃li ʁikate molyne abikɛʁ ʒifado kutyʃe tɔ̃dɔ  ɡimɑ̃ba fɔʁi mi ti le oʁido fãbitiʁ
testPhoneme_FA95D264-E325-43E7-94C7-A331E50B5112.wav,pɔ̃ li lnu ʒɛn ɡy vɔ̃ ka iʃø lyi maʁtɑ̃ liʁwa lyʁɔ̃ li ʁikape mulile vaʁikɛʁ  lifaʒ u ɡyʃ tɔ̃dɔ̃ a kimɔ̃dal vɔ̃ veʁiti mɔ kuʁido faviʁiiʁ ɔdyʁl la luki ɔ̃ dy lavoki
testPhoneme_843FB29A-1892-457E-9F97-879EE78D132F.wav,bibliotɛk bɔk pʁiʃ bʁuɛ katastʁɔf voku di kɛkstʁɔʁnɛʁ ʒit ʒjɔɡʁafi builɑ̃ ilikɔptɛ ʒjɔsk bu vodi pøpl ʒ plypyl spɛktakl
testPhoneme_3103FD5D-FCA5-4DB7-8D32-4EA796FC3BEA.wav,wɛʒə pø ty diʁ kɛ diʃ  lilu ʒa lə dy ɡɔtʁɛ̃ ʒi lyʁi paʁtɑ e jɛʁwã yʁɔ̃ di ʁekape ɛ̃ mɔləne aʁikɛ ʒi faʁi oɡyʃi dɔ̃d̃kɛ̃ dimɔ̃da fidi pʁɛsfini loʁɛtidu fabiky ɛ pʁeʁefini mɔ̃ ʒəlavnə di vala
testPhoneme_3FCB7B71-0856-49F5-A67C-C9C5538FFDEF.wav,ɛ akɔpʁi e o eo no me o i  alɛbɛy ɛl waɛʁ ɔbit kɔm ebɛ uz œ̃fɛɑ̃
testPhoneme_1E0ED052-0984-4990-9F1C-62710538EE39.wav,ɑ̃tɑ̃kə ʒi lyitɔakɛ dɑ̃ sə dipylidə lapozɔ̃pak ljoia ʁəatʁɛpasao okodiliɔɛskʁainikikʁ yb jɔɡʁafiɔykɔ eopɛ okjak u kɔfʁpi əak y skʁɔpi lasipak
testPhoneme_F29D9B27-1FAB-4CEA-8E8F-CA9940105A34.wav,ɛ an  an ɛɛ u il demɔi di sɛ ka ɔdin  din nu   p ɛ fi pɛ li ifo a i e i i tʁu ɛ tʁul  tʁʁ u
testPhoneme_A1979E53-DF69-434E-8E33-B68EC1F8B045.wav,vɛʁ œ  mɛ̃ vɛʁ pɛʁ vɛʁ vɛʃ œ̃ œ  ɛ n ni ɔ̃di ɔ œ̃ kɔ̃o fɛ aʁo ʁepete ɔ wi wi  ɔ
testPhoneme_7BA6BFEE-D11D-4740-9A58-BD80FC029CD6.wav,ɔɡɔ̃l nu səʃanɔ̃ ɔ kɔ̃tʁa  zylse  lɛʁv at baʁtɑ̃ yɛʁa nʁɔ̃i d fʁikati umuʒni ɔdə faʁikɛʁ p fae by kobiʃi duk tɑ̃dɔ̃ɛ mabli mmɔ̃ta al fɑ̃viʁiki uɔkoʁito d faʁlikiʁe bɔɡolaldi ɑdolal
testPhoneme_A5F708CC-F67F-4115-9678-2F009FA42028.wav,utɑatifaiɔau faʁ  aʃa ʃakʃaɛbese deu lɛbesɔ kɔʁk̃kɑ tɑ̃ɔ ɑka ɑ̃ta ɑ̃ sə ʁjɛ̃diʁ aɔusjɛi  epaapɛlwazo waɛwasɛʁʃʁo ʃoaʁ ɑ̃ãusãfɛ̃ masɛk ɑalɑ̃ sɛ kusɑ̃ɑɑkusɛ iuaɑãkɑpki laɔkɑ̃slʒyʒɔ ʒsə sɛ ʒystʒu puʒudi  latɛ̃ɑavɑ̃tɔʁkʁɑʁɑ
testPhoneme_7B959C5B-DA4C-44B0-97B9-3773A3ABF2E2.wav,fa  ʃa bu tɑ̃ bwa ʃo ki kɔɑ̃ ɑ̃ tɛ ɡʁɑ̃
testPhoneme_A5467D11-BD59-4B92-B950-52A7C8620247.wav,skə ta ɑ̃tɑ̃dy bibliotɛk bɔks bʁiɔ bʁwɛt katastʁɔf kʁokodi ikstʁalɛ fik ʒɡɔf af ɡolɔ iikoptɛ kiɔfk bovʁo pɛp skʁibyl spita spikta
testPhoneme_5D934150-4530-4B38-B3DC-2E625ACE20B9.wav,bibliotɛk pbaks bʁiɛʃ pɔɛt katastʁɛf pʁokodil sʁaodinɛ ik ʒeɔɡʁafi ɡɔɛlɑ̃ ilkɔkiɛsk povʁte  pat skʁypy spɛkta
testPhoneme_52B3A7D6-05CF-4A1B-B66C-50FB16E3728F.wav,a ʃa bu dɔ̃ wa ɔ ʃo di dɔ d ʒjɔ dɔ̃
testPhoneme_F297AB89-C861-4DFD-B5E2-8B9D951AF331.wav,pø uve a uvɛʁ pø ʁam fø lu pø a lə dø ʁɛn ɔ ʒi pø lo ø ʁ pø li pø ʁuʒ
testPhoneme_2B29D9FD-9333-44C5-A065-BEBFCBDB816B.wav,ɔn ɑ̃n ɑ̃lɛ e a il ɛ a ʃa e aʃ ʃ e a ɡoʁʃ skə sã kʃa  e ɑ̃ lɛf u il ʁɛs bu deɑ̃t tɑ̃ d a a ba ʃeo ʃo ɡy e ʃikɔ ̃ œ̃ kyʃ ̃ʒɛ  ɡ e a ɡy ɡeɡ ɑ̃ ɡɑ̃ iɑ̃lə
testPhoneme_8AA5E45F-739F-4B4A-8F77-062027B56ED9.wav,iiv bibiotɛk pɛskə sə tʁuvɔ dɑ̃fɑ̃ u pfɔvakɔ̃kɑ̃fɑ̃ dɑ̃ s pətə sɔ̃ ɔ̃ bɔk joɛ bʁjɔ ɛ bʁɛk  kudyokʁodi itɔlɛɛstʁadyn fi zolɔ ʒodʁafi wiɔ ɡwɛlɑ̃ ɡobɛ ikokɛʁ j kiɔsk u bvotʁippɔk yby ʁypyl ipasbɛtɛk
testPhoneme_D83B8E46-8BDC-4583-A209-698055306DDA.wav,bibliotɛ bɔk bʁiɔ ʁoɛk katastʁɔf kʁokodi iktɑ̃dinɛ filt jɔɡʁɔfi ɡyɛl ilikɔtɛ kjɔk poot pɔpskopi fɛt
testPhoneme_465B90E2-0BA6-458A-B02B-2D8962C28138.wav,vɛʁ aaʁal lo al ɛɛ i lo o  oz
testPhoneme_0928CE7F-8F25-4329-8A64-13C1E49068BB.wav,u vɛʁ bə ʁam  lu an də ʁɛ mɔ̃ ɡin k lo ty u  i ʁuʒ
testPhoneme_8E62F425-AAC3-471B-9B99-C35E5B950F72.wav,pɔ̃bi li slodi ɔ̃tʁa sisø yʁi maʁtɛ̃ leʁwa iɔ̃li ʁikape oline avikɛʁ faʒ  kɔnɔka bemadaʁ ʃɛʁiti ɑ̃koido paʁikʁi ɔtɛ ʁiti
testPhoneme_8CF5C752-AB34-479F-A671-9844FB0AD70E.wav,vɛʁ vɛʁ  u am ʁɛn ɡin nɔ u i pʁuʒ
testPhoneme_9834EC85-1112-421B-A225-899C959AABBF.wav,pɔ̃ɡi ino ʒanidy kɔ̃tʁa ʒylʃø lyʁiʁ maʁtɛ jɛ ʁwa lyʁɔ̃li f kape molne faʁikɛ ʒifwazø kolyʃi todoka pimɛ̃dal pɔ̃veʁke mokoʁido aʁikiʁe
testPhoneme_81995B6D-C163-4020-A179-69782A6D096F.wav,poli lid samdi ɑtʁa il s lyʁ aʁt jʁwa l iɑdi ʁikapi olin faaʁ i fal byʃ doloka iɔ̃daʁ fladi mokod  ali vɛʁk lavɑ̃ mɔʁɑ̃da lə
testPhoneme_33A73601-3CCF-41FE-A22E-7D4C94B422A0.wav,iblotɛk ɔbɔk bʁiɔʃ bʁɔɛt katastʁ koodiɔe kʁaɔʁdinɛʁ blk  ʒeɔɡʁa ɡɛlɑ̃  ilkɔtɛʁ jk pɔvʁtilɔpɔposkʁypyl spɛkk
testPhoneme_6DD1A800-EA3E-452B-A21E-93A06EB5C5B0.wav,uibibiotɛok bʁo ɡot kɛkɛt ɛ ɔkotl kɛ ɔʁɛ ilt lkaʒ  əkɔtʁ kio oʒʁɛ a spʁɔkɛl etk kɛ
testPhoneme_C9A67D9C-A7A9-4B0C-A1D5-34BD30876F4D.wav,bibliotɛk pɔks pʁiɔʃ ʁɛt  katastʁɔf okzil kɛkstʁaɔʁdinɛʁ filtʁʒeɔɡʁafi kɔɛlɔ bikotɛ deɔsk ofʁote ap pʁopspɛktaklɔ
testPhoneme_C33C352D-D4AD-4FD6-8C21-9E0B90B3D039.wav,vɛleeʁɔl fie fɛ pʁɛpɔivɛʁ ɛ̃ u  ɛ̃ ɛ di lɔ̃uu idip uɔʒ
testPhoneme_CB6C3CDA-6923-46EA-B387-3C3261601B20.wav,bibjotɛkbɔk bʁiɔʃ bʁɔɛ katastʁɔf kʁokodil ɛkstʁɔʁdinɛʁ filkʁ ʒeɔɡʁɔfi ɡɔlo ilkɔpt kjst bovoti bɔpl skʁypyl spɛktak
testPhoneme_A7BD890E-FC84-4ED1-83DB-87152FD4C18D.wav,fo aʁtistik aʁtiti ʃakoki ʃɛ koki e oe ɔuɔɔfɛ ɑ̃ də wa o d e œ̃ y ɑ̃ ɡə ɑ
testPhoneme_033A8A3A-8769-48E8-977A-CE1004D88357.wav,liʁ lə mo atɔ̃ la bibliotɛk pɔks pʁiɔf pɔɛt katastʁɔf kovʁi ɛstʁaɔɔʁdinɛʁ itʁ ʒeɔɡʁafi kɔɛlɔ̃ elikɔptɛʁ pvte povʁəte papl skʁypylspɛktak
testPhoneme_E9CAD35C-646D-4075-81F4-E44E0A869D59.wav,yvɛʁ ʁn l ɛ bʁɛn ʁɛn ydin ñluu nɔ̃ ʁ i kwa talikwa pəti ʁepi ʁuʒ wi ʁuʒ
testPhoneme_9E19FBAD-6752-42A1-BE2B-5EC16DD68452.wav,biblotɛk k bɔk iʁiɔʃ bʁyɛk katastʁɔf kokodil ɛkstʁaɔʁdinɛʁ fifʁ ʒjɔɡʁafi ɡɛsɑ elɛkɔtɛʁ kjɔsk povʁətɛ ɔk skʁypyl spɛ
testPhoneme_9390FECE-38B0-4634-961F-4A06A3787562.wav,liʁ le mo opa  tɔ̃bemo oa le ʁepeteɔ bibliotɛk bɔkbʁiɔf bʁɔɛk katastʁɔf kokodil ktʁɔdinɛ filp ʒeoɡʁafi kɔelɑ̃ elikɔtɛʁ kifk povoti pɔpl skʁopyl spitak
testPhoneme_2A530D35-3AF4-4AC2-A072-F82F5447787B.wav,ʁm lu a ɛl ɡin lu ʁu i tʁu boz
testPhoneme_EE2D20E7-A853-4F34-B775-0EB10239BA46.wav,fopo ̃ ʃɔ fɛ̃ akɔte ʃ leve ofɔ̃ b fɔfy ɑ̃lve kɔ vɛ wavo b fɛ ɔle ɔ ɔ̃ eve dak uvɛ̃ ɛ̃tɛʁnal kɔ ʒɑ̃ky ɛ̃vie ʒɔ la ɑ̃kɔʁ kɔ
testPhoneme_F28F377A-6900-423E-A245-92B66531C7DA.wav,ʒɛʁ b an u an ɛn ɡin  u i uʒ
testPhoneme_33F6CDF2-0D3B-4104-B59D-2442B0CA6729.wav,kɔ̃bilinu ʒənedy kɔ̃kʁa ilsɛ̃ lə ʁi paʁtɔ̃ i liʁwa i vɔje kake molile fabike ʒefasø kobyʃi tod ̃ka dimɑ̃da fɔ̃vɛʁete fa faʁʒikiʁy mɔ̃dỹ lamø ti
testPhoneme_1C3FDC14-E820-4085-AE21-2B3F3FA547A2.wav,pi ino samidi kɔfa ʒyl lyʁʁ paʁt iʁwa lyʁli ʁip api mɔlini fkɛʁ ʒifateɔdiʃfi  tɔ̃ɔ̃kɛ̃ limɔba fɔ̃veʁiti mɔkoʁito aʁvitʁ mɔ̃dyʁlmit
testPhoneme_928021ED-1A96-4BDF-904B-3B9ADE7A0F78.wav,bakɛ lɛa vo kɛokɔdi ɛstʁaodinɛ ilbwɛm ilɛkɔptɛ kj kɔvɔte ɛt kuplyl p
testPhoneme_6A60B767-EC3C-413A-9C52-EB5AEA2D240F.wav,fa  ʃa ɡu kɔʁɑ̃ bwa  ʃo ɡe kwa ʒɑ̃  ʒɑ̃ ɡʁɑ̃
testPhoneme_22EA1E4C-C5B5-4898-B037-B9290271E9DA.wav,mɑ̃mɛ̃tnɑ̃ sjɛ̃n ɛɡɑ̃ dinɑ̃dɑ̃e mo ifo lə pʁəmje sɑ̃ dy mo aʁiv døsɡɔ̃d pʁəmje ʃɑ̃denu ʁəmesɔ̃dymɔ̃ puʁ ɑ̃ fɛʁ œvɑ̃ paʁɡzɑ̃pl  ʒə kə di jɛ̃ sekwa lə pʁəjesɑ̃ dy mɔ ʃj̃ ʃi ɛɡzaktəmɑ̃ ɛkaskiɛst  i ʁɛst œ̃ pø ply sɑ ʃ̃ lə sekɔl lə pʁəmje sɑ̃ tə moʃɛ ʃ ɛɡzaktəm̃ stɑ̃lɛʃ aʃjɛ skaʁɛs ɛ̃ djɛ̃ jɛ̃siʒə tə di ɔn b la e kasiʁɛs ɛ̃ patut afɛ bɛ an ɛɡzaktəmɑ si ʃə tə di papaa pa ɛɡzaktəmɑ̃ di lə kmɑ̃fɛ  vɛʁ ɛ abʁã lo kɛ ɛl ɔdi klɔ tʁɔ pi i pɔ  ɔ
testPhoneme_E5AA7494-E88D-4DE8-AAE7-8347DA435082.wav,ɔãefa ɔaʃa deĩbɔ ɔɑetɔ̃ ɛwa ʃo ɔ̃ɑɛkɛ ɑɑɛlak̃ əzɔ̃ɑʒɑ̃ aɑdɔbɑ̃
testPhoneme_45E377BA-FF38-44C0-8FDD-D0B622F85C06.wav,bɔbi lno ʒalydyɡmikʁa ʒys liʁiʁ baʁta jɛʁa miʁyi ʁikabi moly faʁikɛʒivazi oɡyʃi odoka bimɑ̃dal miviʁiti mokʁido faʁikiʁi dy la ʁi
testPhoneme_A7C493B3-6E95-48F1-A2CD-14521BFC3D94.wav,vɛʁ piskil a de uvɛʁ am  lom am ɛm i  o li oz
testPhoneme_A5D0AA07-E4E4-4771-880A-FB295DDDA1E1.wav,ke pɔ̃ɡ inu ʒanydy ɔ̃kʁa ʒylʃ lyʁ ʒy aʒi sy a ʃɛ də la mɛtʁɛs ʒə pø mɛm buʒe ʒə pø mamiale vɛʁ vu ʒ bu ok baʁtɑ̃ ɛskə ʒ l ʁət puʃvɛk mɔ̃ pe œ̃ pø iʁwa yvɔli skəiyn ʁəttuʁne kɔm sa ʁikape mlyne faʁike i faʒø  kuʃ koɡyʃi oɡʃi koɡyi kɡyʃi kod̃ka bimɔ̃dal fɔveʁiti muɡuʁido favikiʁy mɔ̃ lyʁ lamɛti finiʁ lə
testPhoneme_8ED35EDF-AB79-4F6C-BC97-86ACC24213B0.wav,pɔ̃di li nu aned kɔ̃tʁa ʒe f ʒyʁiʁ paʁtɛ iʁwa nəvoi ʁekape moli ne faʁikɛʁ ʒe fav kubyʒi tɔkɛ̃ te mɑ̃dal feʁii mokuʁi tu faʁ bikil mɔ̃ tyʁ
testPhoneme_88AF3834-0D14-4099-AC49-24A8DB169AC2.wav,ɛ̃ ʃɛ u tɛ̃ eɑɑ e ubwɛ ʃɛ  kɛkɛ̃ jɛ̃ ɛ̃
testPhoneme_7E950F22-10AD-4823-BE3F-56A9A36DEFF4.wav,səʁɛ stof  ɑ̃ d e y ɑ̃ ɛɑɛ levy ɔbo ɑ̃ɑ̃ lə eɔ̃ɑ̃ lə d ɡɑ ɛamaobo ɛ ɑ̃ ʃɑ̃ ɑeɛɡesɑʒɛmasɑ̃ sɔ̃ idɑ̃ lees ʒɛ̃a sɑ̃dɔɡɑ̃
testPhoneme_B963CDA0-EF99-43BB-AFA0-A0373AD22104.wav,u kɛ̃ ã ɛn ɡiŋ ɔ̃ otʁ i uz
testPhoneme_83012B7F-766C-4D37-BF66-223184170CA8.wav,bɔ̃di ino ʒanɡ kɔ̃tʁa ʒyls lyʁiʁ baʁtɛ jɛʁwa yʁɔ̃li ʁiɡab molyne faiɛʁ ʒifazø koɡy dodɔ̃ɡ bimɑ̃a fovɛʁiɡ moɡoʁido faʁviɡɛʁ m̃ mɔ̃dyʁ lani
testPhoneme_5B0FC044-3184-4277-B39D-4584917A9BF5.wav,mɛ am lo lu an ʁɛ in l iu
testPhoneme_EAE9CEDD-649B-4CD7-B0DC-2C10348E8520.wav,bibliotɛk bɔks kwaɑɛ  ɛkat etɔ̃b a ʃak fwatbʁɔɛt katastʁɔfokʁodil ɛstadinɛʁ fitʁ ʒjɔɡʁafi bɔɛlɔ̃ iliktɛʁ nãmi ʃa kjɔsk povotʁi pɔp ʁypyl pətak
testPhoneme_F67D8291-4836-4321-8111-E95A70FEE0C3.wav,pɔ̃bi linu ʒandy kɔ̃tʁa ʒyls lyʁi baʁtɔ̃ jiʁwa nuʁɔ̃li ʁikape molyni avikɛʁ ʒifazø koɡʃi tdɔ̃kɛ̃ vimɔ̃dal fɔ̃veʁiti mokuʁido ãviiʁ mɔ̃ dyʁ la nəti
testPhoneme_0BFC7BC6-0FCE-4A2C-8AD0-158C18D021B3.wav,bɔ̃di lini ʒə ndi ɡɔ̃t̃ ʒilʒø lyʁiʁ baʁtɑ̃ iʁʁwɑ̃ miʁoli ʁiɡapi molyl ʒav ɛʁ ʒiva ɡobyʒi dɔ̃vɔɑ̃ bimɑ̃ dɛ vɔveʁɛk muɡʁedɔ̃ aʁɛ ɡiʁ uʁy lɛ̃ki
testPhoneme_7DDDCC2C-6F80-4FBE-B0AD-9A8FA91CED27.wav,bɔba mʁiɛ bʁuɛk kaaʁk mokwaliiltɑ̃linɛʁ il jɑ̃ʁa boɛlɛ̃ li ɡɔtɛ kjɛʁk boʒali mak kypl k
testPhoneme_8A93060C-4712-4157-BFD8-61AA96FC4E78.wav,tubi linu ʃanodi ɡɔ̃tʁa ʒisø lyʁiʁ baʁtɛ jeʁwa mʁuli ʁikape  məlin favikɛʁ ʒfazi koɡyʃi todɔ̃k ilɛ̃bal fɔ̃ veʁiti mi mukuʁido aʁvɛki vy mɔ̃a kaʁti fini
testPhoneme_B65FF9E2-DF57-40A4-9B7A-EFDC4FD540DF.wav,ʒəʁɛdɑ̃dʁadʁe aa iii  eeeɔti aʒɑʁ d polɔ aiii ɑ̃di pask lmiɛʁɑ aɛe fɔ koawi ajɛ ʁɛamɛt lə kas sə sə tʁuv ɑʁe i ɔɑ̃ɛaʁa ɛiasjɛ u aaɛ̃ paskə skə ty pø fɛʁ ty dø lekute e ɑ̃syit paʁ̃ʁioinɛatɛfɑ ã aɛfa aie ɛʃɛ elɑlɛaeeʃjɛ̃ ealaalɑaeɛɔa eɛʁ iɛafɑ̃eɑzɑae kaʁe ad tɑ̃ ɛɛaa ɛseʃɛaɛleaʒẽiaaeakɛk aeɔkoʃɛ ooʒɔoʃɛ̃ atiekɛkɛ eɛ̃ ʒɔ̃ki vitiʃɛ aaeɡa leke
testPhoneme_CEED814B-6A55-45E8-A395-74B4E512EC13.wav,tɑ̃ipotk paʁ ɔʁiaʃ wɛk katastʁɔf kʁɔkodiliikstʁaɔʁdinɛ iitʁ ɔtiɔɡʁafi kɔɛjɑ̃ il koptɛ  tiskpupwati pap kypylspiktak i
testPhoneme_BB736DA4-C3C5-4CCF-963D-9A237C62E556.wav,uvɛʁ a lu l l zə ki pø ʁepete mos ɛ̃kɡʁfʁɛnte te ɡʁɛl  ɑ̃ve lə pʁəmje zɔ̃ nɛdi lu ʁu li ʁu
testPhoneme_40C1A851-214D-4960-B072-C64D52A6E4F6.wav,fo a bu tɑ̃ pwa ʃo ɡi e ʒ̃ ɡɑ̃
testPhoneme_6DC11E97-0D8B-41FD-918F-FAAA99FE35CA.wav,lɛʁ am lu a ɛm  mɔ̃ ʁɛm im l u li ʁuz
testPhoneme_137B9A2E-5F06-44F8-B9A7-8F4EE043517C.wav,iʁɛʁ a lo  ʁɛ di lo ʁo li ʁoz
testPhoneme_B4C585FC-2DFD-496B-9E4B-AD48EB096DAE.wav,vɛovɛɛɛ  ɑtʁa lu əɑ̃avan ɔzinaɛn o lodins lo tuʁʁu li ɔʁo ʁuʒ
testPhoneme_48737298-E14A-4A7F-89BF-7F0F7A0EAE6C.wav,a s ai v to  ʃɛ i uo sɛ ɛ
testPhoneme_B901A54C-7F69-4E52-BC65-3AFF7DE5BA92.wav,ɛ kɛkəz aɔyʃlɛba ɛ̃sipal pʁəme sɔ̃ də bɔn də ipal pʁ s̃ dane aə lɑ̃sɑ̃ba œɡaʒd dyʃaɔ ʃɛ̃ e aaadɛ foto aʁtistikfaɔt aʁtitikfa ɔ sbu dɔ̃ssbwaɛʃɛʁ oɡystfodisssʃɛkaləʒɑ̃ti olie ʒaɡʁal ɔ ɛtɔsdɔ̃
testPhoneme_2474CB34-0596-4AEF-93A2-452816DE7E1F.wav,a a u ɔ    a a ikiiktʁ di y ɔ  u  i ik  isɛ
testPhoneme_D232CF0A-BF2F-468B-B098-55B5E5D9FCCA.wav,ʁʃ ɑaʁam lu ɑ̃al ɛkɔ̃sʒ ɛl lil l ʁu iʒ  səʁuʒ
testPhoneme_D025A21C-C9B0-4175-BD55-4A634C4834AB.wav,ɔ obi li  e ʃan kɔtʁa ʒyʃ  i aaaje tɔ̃ve dusal aʁɔ  e ʁwa ɔl ikape  atkɛ difaz oʁyʃe ɡɔtimɡaʁ ɔbʁiʁiti ɔkoʁtoabikaʁi ɔvɛʁ layti
testPhoneme_14E3F5F7-415F-43EB-839D-E900B539BCCB.wav,ɔ̃b lilo ʒalə dyo kɔbʁa ʒylsy lyʁiʁ paʁt jɛʁwa nyɔ̃li ʁikpe molyne fapk ʒivak sy kokyʒi tovɔ̃ka imɑ̃dal ɔfiʁiti mokuʁido apiʁeky a avɛkiʁyɔ̃dyʁlat ɔ̃dyʁlak
testPhoneme_6E716A75-42AF-469A-9CE6-043AD22FE99F.wav,ɔɔɔɑ̃ɔssɔɑke bɛ ̃ʃɛpapiskilaba ɔ a ɔsɔsaɑ̃sɔdɛɔskasɔsɔalitni ɑɔsdis̃sa a ɛbaʃɑɛ̃ e ãɛ aʃʁ ɔ̃aʃa sʃ aʒetɑ̃ʁiɔ̃pɔɑɔtɔaʁtiʃi ɔtã̃ t̃sɔ̃s̃ɔaʃaẽɔsɔ̃eaɔɑ̃ɛɔɔtkksɔeeɑs̃bitiɔɔ̃ĩɑ̃te diɔ̃kɔɛɔɛ sɔɔ ba sɛ̃ɛkɔnit  ʃɛ kstkɔʃɛ ʃɔɔ̃ee kɔ̃e ɛɡiieɑ̃ɔ̃eɔɑkɔnzɔ̃niɔ̃aɑ̃kɔ̃kɔsɔ̃ɔ̃sɛɑãkekɔkɑ̃sɔ̃̃eeʃɛ aʒ̃ ʃa ɔɔ̃ɔɛe ̃kɔɑ kɔa ɔ ka ɛɑ̃ edoʃɑ
testPhoneme_DE86EEBB-18C0-4519-8B2F-33A8B652C7D0.wav,vɛʁaaɛãiɔli ɔ i t fini le mɑ kɔm a fini lemɑ̃ ife lə də zøzjɛmu lə pʁəmje lə døjɛm  lə pʁmetafin u i fvi e lɛtʁ masi i tʁdiʁ felifeadif il
testPhoneme_6ECEF539-52F0-452F-BEBE-A4A7EB35ADA4.wav,e silɛ sɛ̃tɛ̃mine pa ɑe ʃa ebu ̃ɑ̃tɑ ɑwa iɛ  ʃo eɡewi ɔ̃ɑ̃e ʒɑ̃ ̃ɔɡɑ̃
testPhoneme_2A8CB8E7-3D9E-46CF-BC42-78BBD70573E8.wav,ɔɑtʒa ɑɑʒa iɔddo ɔɑ̃ed ɛɔddwa ɛɔʒo ɔ̃eɛdɛ dɑ̃ɑdɛɑku atɑ ɔm kuzɔ fɛ ka pəmɛʁ edə kuzɔ̃ ɛ kkə la di ka kuzɑ̃ ɑ̃fʁnɛl   dɑ̃ɑ̃ɛmaakɛ uzɔ̃ ɑ̃ fɛʁnal dɑ̃ ɔ̃ɑeʒka ʒɑ̃di k ɔɑʃɑ̃ti  ʒɑ mɑɑɑ̃ɡʁa ot ɡɔ
testPhoneme_46CA286B-17E6-45EB-9CBA-9876FC0A660A.wav,foto fɛ̃ voo ʒɛ ɔ d maʃɛ̃ bo o ɑ̃ʁi tɔʁty ɑ̃lvi tɑ̃ ɑɔ dɛ vwado bwã ɛ̃ ʒɛ oɡyst aʃo ɡɔ t dɔ̃ etɛ ke uʒdi  kuzɑ̃ œ̃vɛnɑl kɛ̃ ʒudi ɑ̃vi y ɔ ʒɑ̃ o ʁɛ vo
testPhoneme_C78E819C-7E38-4A6F-A3D0-476F3C82AC11.wav,biblɛit baks bʁiɛʃ vuɛt kepɔspʁɔfpukdil ekstʁaɔʁdinɛʁ fi ʒfʁafivwe lɛ il kɔptɛʁ kɛ puvʁti papl kypy tak
testPhoneme_033021B4-1D06-45B4-A37D-36FF0D1A6819.wav,a bibliotɛk pak ʁiʃ pʁiɛt y kɛtatʁɔp kɛtɔftɔ koudil ikstʁa ɔl ɔʁtilɛ b  ʒoɡʁafi ɡɔlo likɔtɛ pa kjɛsk popoti t ɔpl sʁypyl spitapl
testPhoneme_73EE94F4-43CB-4E2E-83F6-A2F1E1346DC7.wav,uvɛʁ u fyʁeʁ aʁam lum aka am ɑ ʁɛn sy ɛʃɡino ʁuli ʃʁoʒ
testPhoneme_32B791A5-3D79-4283-83F3-40D3690B8C42.wav,bibljotɛk bɔk bʁijɔ ot katastʁɔf kʁokodil ɛkstʁaɔʁdinɛʁ ilpʁ ʒeɔɡʁɔfi ɡlɑ̃ ilkɔkt ʒiɔf povʁotipɔkl kʁypyl pɛktɔk
testPhoneme_C1E06601-DE73-4F43-8CBB-CF98357C600B.wav,ʃ ʃɛ bu tɛ̃bwa ɛɛ o ʃoi ɛ ʒɛɛɛ bjɛ̃
testPhoneme_68E394CA-B292-4F2F-B855-81B0BEA89D22.wav,keakmɑ̃ɔ̃ɔɔeeesɔiekikieetlə̃ɔsɔsɔɔsɔɔsɔɛɛɔis̃ĩɛiɔtɔɛ̃ ii keaɑ̃tɔɛ tiɑ̃ɔɔmɑ eɔ̃ikiiɔkɔtɑ̃iɔitɔiii ɔɑɔsɔiɔɛssɔssɔɔɔɔsɔɔɔsɔsɔɔsɛɔɔ̃ɔsasɔɑɔɔɔsɔɔɔɔ ɛ isɛ sɔ̃sɔ̃sɔɔɛɔssɔdeessɔɔɔ
testPhoneme_2718B00C-4634-48FC-8D49-C97407BEE4AB.wav,pyli lino ʃɛlty otʁa sisɛ luʁiʁ paʁtɑ̃ iʁʁwa yʁɔ̃li ʁekɛte molyne favikɛ ʒifazɛ kokəʃetototɑ̃ pimodɛ fofiʁikiokito paʁʁi kiʁy ɔʁky la ʒi
testPhoneme_65A05AFD-333A-4937-8C22-836A45685966.wav,bibliotɛk bɔk bʁiʃ bɔɛk katastʁɔf kokodi ɛsɛkstʁaodinɛʁ filtʁ ʒekɡʁafibolɔ̃lkotɛ ʒjɔsk bovʁotɛ d bɔkl skɔbyl bɛktako
testPhoneme_7688CF0A-8DEC-4DA4-8C6F-C71C303424B4.wav,bli iu ʒady mutʁɛ̃ ʒyʒø lyʁi maʁp iʁwa uʁuli ʁikape mulyni ɛʁik ʁi i fibaʒ buʃi tudutɛ bɔ̃dɛ ɔ eʁidi  pu koit faʁkiʁy mɔ̃dã la nyti
testPhoneme_36FC56DE-8BD0-495B-BB8D-00E54920482C.wav,a bibliotɛk bibliotɛk ə apʁɛ œnɑ̃pɔ̃d diʒytmosyivɑ̃ bɔks bɔks boʃ bɛɔf bɛt bɔɛt katastʁf katastʁɔf kʁokodil kokʁodiɛkstʁaɔʁdinɛʁ ɛstʁadin filtʁ filt ʒeɔɡʁafiʒeɔɡʁafi uɛ bɔlo ekotɛʁ eʁikɔtɛ kɔsk jɔ pɔnote povʁəte pøpl  skʁypyl skʁopyl spɛktakl spɛktak fini  z
testPhoneme_491E6613-A873-415B-B919-B147B9030575.wav,bɔ̃bi linu ʃan dy ɡɔ̃tʁa zyfø lʁiʁ baʁtɛ̃ jɛʁwa nyʁɔ̃li ʁekape bolynefavikɛ ʒifaz koɡyʃi tɔ̃ dɔ̃k bibɑ̃dal fɔ̃veʁʁiki m̃ koʁedo avʁekeʁy mɔ̃ dyʁlav
testPhoneme_F2119C45-CC8E-44ED-A943-424A630FD007.wav,e ɔvɛf ɔ̃n ̃ lɛf u e ɛ ʁ uvɛʁ ɑlɛ il ɛst  fʁɛ vɛ ̃ ̃n ɑ̃ ɛfu ̃ lɛ i ɛf ʁam  ɔ efɛv ɔn ɑ̃ lɛ ɔ̃n ɑ̃ lɛf ɛ i ʁst l ̃n ɑ̃ l  i ʁɛst  a ɔn ɑ̃ lɛ tʁ i ʁstɛl ɔ̃n ɑ lɛ ɑ̃ il ʁɛsɔ̃ ʁɛs die ̃n ɑ̃lɛf k il  lu ɔ̃n ɑ̃ lfe il stʁu ti ɔ̃ lɛf  il ʁɛst iɔ̃ l ʁu ̃n ɑ̃lf i ʁɛsʁuʒ
testPhoneme_679CC6AC-884D-44ED-B9B2-4C7757AF285E.wav,ɔ tobi inu ply ʃanə dyʁ ɡɔ̃tʁa sisø lyʁiʁ baʁtɛ̃ jeʁwa nyvɔ̃li ʁikape molyne fabika sifaz koɡyʃi todɔ̃ka bimɛ̃val fɑ̃vʁiti koʁido favikiʁy modyʁlaanoki
testPhoneme_CD417AE5-D097-49B1-B43D-6868F75D3EA4.wav,fa ʃa bi dɔ  bwa ʃɛ dɛ ka ʒɔ̃ ɡɔ̃
testPhoneme_03EA13E9-22E4-4999-A03A-F1BF198DC39A.wav,bibliotɛk byk pʁiɔʃ bʁɔɛt katastʁf kokodil ikstʁɔ dilɛʁ filtʁ ʒeɔɡʁafi ɡoɛlɑ̃ilkɔptɛʁ kiɔsk povʁyti bɔp skʁypyl spɛkta
testPhoneme_280D5B90-9C79-4522-93C8-B0855C452883.wav,bɔ̃bi llnu ʒanədy ̃kɛ̃ ʒils yʁiʁ patɛ̃ iʁwa ʁɔ̃li ʁekapi olyni vavikɛʁ ʒivazø ɡoɡyʃi ddɔ̃kɛ̃ bil bymɑ̃bal vɔ̃veʁek ukʁedo vaviʁi bi mɛ du ʁa di ʒe vɔvi
testPhoneme_3DA39070-058E-43D8-8A55-A37E8C55A8CB.wav,fo a ʃjɛ ʃa ʃwi a dø u ty u dɛ o ʃɔ də e ku ɛ ʒɔ̃ ɑ̃ kə ɔ
testPhoneme_CDE6FF70-0324-4D09-A741-16D13DF459C7.wav,bibliotɛk pk pʁiɛʒ pk kɛkə fʁaf kuvudi kɛkəpad ftʁ ʒɑ̃ kʁafi koɛlɑ̃ likɔɛ kjsk u povʁate pabl skupyʁ kɛka
testPhoneme_C4E173C6-41F1-4DC9-9882-935DC2C223D6.wav,vɛl vɛl vɛl fu a ɛn yn œin klu u u i  ul
testPhoneme_D490E37B-2CF8-4D5C-B2E7-5D65F8EA0B43.wav,ibotɛt bɔk pʁi ʁɔɛt katatʁɔf kɔkodi ɛttʁɔʁdinɛʁ fil ʒeɔɡʁafi ʒɔɡʁafi  ɡɔlɑ̃ elikɔptɛ dɔɡk pɔvʁte pɔp klyp stɛta
testPhoneme_980FD28C-FE91-46CB-8AC1-0EF338126D90.wav,vɛʁʁaʁam lu an ʁɛ pin lo ʁu lil o
testPhoneme_4AED46C6-7284-4C98-92AD-0281D1D9E72D.wav,l lə mo oi lini ʃɛnid a l  maʁtɛ leʁwa ai ʁetɑ̃t leini aʃidi dfɑ̃d ʁi ko oby kɔkɔ̃kite bi mãtɛ̃  sɔ̃veʁite  wid ɑ̃ bitiʁi mɔdɔ̃da ʁət
testPhoneme_E21A3E8A-67E0-441E-8F9A-BD01E3787F57.wav,pətitis ʁɛ diʁ lə mo ʁemede ot bibjtɛk dɑ̃ sɛtpətitsɔjɔ̃ bok bʁiɔʃ bwɛk kɛtaspʁf okodi ɛk ʁɑ̃dɛ nɛʁ filp ʒeɔɡʁafi ɡwɛlɑ̃ikotɛ ʒjɔkk povvotipop skopyl spɛkta
testPhoneme_9E53821B-BCB8-4F11-9373-721C18DCA23F.wav,aja deʒa lɛɡzaʁfis dakɔʁ bibliotɛk œ̃pklɔi sama bɔk wi pʁiɔʃ bʁɔk ɛtastʁɔf kokodil itʁɔf dinɛʁ fitʁ ʒeɔɡʁa ɔɛlɔ̃ elkɔptɛ kiɔsk povoti pɔp skʁyyl spɛktak
testPhoneme_41874E3D-CFB7-4498-AE76-5C91F5C96193.wav,pɑ̃di linu  ʒamy dy p mitʁa ʒylsø lyʁi baʁtɛ̃ leʁwa nɔ̃ ʁekape molle vavikɛʁ ʒifaz kuɡys tulɔ̃tɛ̃ fɑ̃ veʁiti  mɔkuʁido favekeʁy mɔdyʁla nət
testPhoneme_052F6BF3-5DE4-4EA4-8509-7133664C769E.wav,tɔ bi i m ʒə nə di vɔ̃tʁɛ ʒ n i lyʁji baʁpɛ̃ ʒle ʁwa ʒy ʁɔ̃ di ʁekapi vu li mni va ɡɛʁ ʒi paʁʒø u biʃi tu tu tɛ̃ i mɑ̃tal vu viʁe ti v kuʁi du vu biʁe ki ɔ̃ dyʁ la ʁut
testPhoneme_F678DC6C-5CFC-4A6D-9602-A27E9FE1D901.wav,tuʁe lekʁl pɔ̃di linu ʃanədy ɡitʁa yt lʁ baɔ iʁwa miʁɔ̃di ʁekape mulyne favikɛʁ ʒfas li kuɡ si tɔ dɔ̃k dimɛ̃dal fɔ̃veʁɛti kwa ɔkodɔ aʁbekeʁy mɔ̃ dəʁa nə
testPhoneme_4E813B51-752E-4026-8A46-5B11F67824B6.wav,bibliotɛ bɔk bʁiɔʃ boɛt katasp kʁokudil filtʁ ʒeɔɡʁafi bidɔeʁtɛʁ kjɔsk bovʁti pɔk skʁipy
testPhoneme_B8B72367-089C-43C0-B376-55122A8F5BEB.wav,ɑv ɑ̃ ɔʃal ɑʃaede uɑ̃t ba yʁi ɑ̃lve œ̃tɛalɔ de ba sɛ ɑ̃de ʃoɑ̃ efɛ  e de œ̃ ɑ̃ɛʁal kɛzɑ iɑ̃vie a ɑdɑ̃
testPhoneme_AFF0F1CB-CC07-416A-B70D-8435AD6B5751.wav,ɑ̃ kɛã ʃ̃ bo ʃɑ bo ʃ kɛ̃ ɑ̃ ʒɔ̃ kõ
testPhoneme_FB42AA72-0A64-4178-895E-3EA96F83F616.wav,wɛ a tut a fɛlə pode sɔ fodsekɔɛ̃ ʃɛ̃ bo ɛ̃ ifsi məti də y bwɛ̃ ʃɛ ɛ ɛ̃ ijɛ̃ bɛ̃
testPhoneme_267D2356-14A6-462B-86D0-47DD18E4F879.wav,pɔɡi ilo ʃamɡy dɔ̃tʁa zylzi lyʁiʁ baʁtɔ̃ jɛʁwa myʁ̃li ʁikape molyni favikɛʁ vifazy ubyʃi tɔ̃dɔ̃k bimɔdal fɔ̃viʁiki mokoʁdo faʁikɛl m̃ɡyʁlanʒi
testPhoneme_DC90FB39-C99F-4B6C-B717-44E5BD0508D6.wav,bibliiotɛk bk boʁiɔ but katɛsʁ pokodil ɛkstʁaɔʁdinɛʁ filk ʒeɔɡʁafi ɡu ɛl̃ ele kotɛʁ kiɔ buvoti p skʁypyil ytɛk nwi
testPhoneme_99CB6B0C-EC09-446B-A35F-1B02923A9089.wav,a ɛ a u   u  ɔ    kɔ  fwa eʃ   ɛ kɔʒti ea  ɔ sɛ kɔ
testPhoneme_CAB9BAD5-8F4E-42C4-8DB5-B761911BC8C3.wav,bibliotɛk bɔ bʁiʃ bʁɔɛt katastʁɔf ʁokodi ɛkstʁaɔʁdilɛʁ fiʁ ʒeɔɡʁafiɡɔɛlɔ̃ilkotɛʁ kiask poboti pɔpl skʁypyl spɛktakl
testPhoneme_1514A0F0-2350-49F5-A5E6-0F01DECE2C06.wav,kɔ ipaʁ laalɛ ɔm al ɔ ʃa bu bulɛt tɔ̃ tɔtakyl bwa ʃəfɛtkik ki kisɔ kɔkɔ̃ itɑ̃ ʒɔ̃ki ɔ̃kiɡɔ̃ii
testPhoneme_3B507B98-CB2D-47D3-8DD5-5986FD9E2A11.wav,mɛ ʁepuvɛʁ yvɛʁ yvʁ amɛ ʒinmɛ̃n ɑ̃tɑ̃di ɑ̃ fɛ  an ʁɛn i maʁply ɔdin mɛ kuu u tʁu u ki i ʁuʒ
testPhoneme_B34C24B2-998D-40D2-8DB3-A74FD633FEAB.wav,pkɔ̃li inu ɛnyɡ kɔ̃tʁɛ̃ ʒyls yʁiʁ baʁtɛ̃ ɛ ʁwa miʁõli ʁikaki molyni falikɛʁ ʒi faʒø koɡyʃi todũkɔ̃ ɡimɛ̃dal fɔ̃liʁiki mokoʁido paʁvikiʁ mɔ̃dɔʁmal
testPhoneme_C74A5B3B-0B8B-4E9E-A2C6-8AE2F6376EE4.wav,bibilotɛ biblotɛ bʁipʁwɛ tɛtasʁɔf kodil ektaʁdinɛ filt ʒiotʁaʒi poɛlɔ̃ likokɛ  bispovʁəte ək skʁypyl spɛktak f
testPhoneme_693B2016-5B9A-4917-B2EC-55F2C4E5CA8E.wav,yttilie pue ɑ̃syityadywibitɛtpaʁfɛ pap ʁiaʃ ɔɛ ɛpastʁaf kʁɔpdi ɛkstatinɛ fitʁ teɔkʁafikɔɛlɔ̃ likɔtɛʁ l tiak pɔvʁɛte pap sʁɛpili spɛktak
testPhoneme_96A10AE3-7D8F-480F-8DCE-4E5924437390.wav,bibliotɛk bɔk bʁiɔʃ pʁoɛk kɛtɔstʁɔf kʁokodil ɛstʁaɔʁdinɛʁ filk fiɔʁɡʁafi ɡelɔ̃ ilkɔptɛʁ kjɔsk povʁoti pøpl skʁypyl spɛkak
testPhoneme_FFB4D3EA-4AEA-4FB9-B9E7-04E6F39785AE.wav,a ʃɛ a  tɛ̃  ʃo ʒɛ  kɔ ɛ̃ dɑ̃
testPhoneme_64BFEF32-4875-4529-A617-50A928064AE3.wav,ʒɑ̃dɑ̃da mɔbiblotɛk bɔk ʁia buɛk katatʁa  kokʁdi ektʁaʁdinɛ fitʁ ʒafi ɡuelɔ̃ ilɛkɔptɛʁ kiak povʁte tatɛ sʁytyl spɛktak
testPhoneme_98D43F49-B241-4561-9DD8-64A4476D8D00.wav,tovotwɛʁtiit l otun atitikɛotoɑ̃ ɑ̃ laotɔtoe ɑ̃ɑ̃ atitiknɑ̃laaʁtiaaɑ̃ ɑ̃ laʁaʁɑ̃nɑ̃ leaʁi lʁaiɛaaaaʃ i ʃe laʃ ilaʃ aaʃa aʒeveʃilaʃɛ beosu dvai ilavibeve e ʁsɔ ɔilabe e ɑ̃n ɔila ila la u la beu be ̃n ɑ lɛbe eɑ̃ lɛ u ɔ̃lɑ̃ lbeɑ̃ la u alafɛ bu tɔʁi ɑ̃ilte atɑetɔbivatʃ ɑ̃ ɑ̃ lə ʃʃiʃ ʃo ɛseʃu ʁɡ ɡɔiʃi ee e iɡe aveɡe ɡatɡa ɑsɛʁnal ɛstkea satipaʁʃat̃te saaɡʒu aʁʒlɛn ke alasoi akseekaek kɛ̃ e ləe əvitik i ʒi ʃɑ̃ ky ɑ ɡɑ̃
testPhoneme_2F4F389F-B61E-45FE-A5DC-9518D4431C4C.wav,kɛ  ʒen ɛ ɑ̃tɑ̃dy kɔm kɔm sa fa fɛ a tʁɛ mal kk  ʒe ɑ̃tɑ̃di ik bɔk ʁepbak moivɑ̃ bʁi bwɛk etaf okodil ekʁɔ̃dnɛ fif ʒɔɡa ɡwɛlɑ lekɔkɛʁ tiɔʃ eputi bɔk upyl etɛk
testPhoneme_09CF304F-0000-4042-962D-2A785C2DCCF1.wav,lɛ ã ɔ an an ɡiɲ lɔ  l o
testPhoneme_BAC46758-8E60-42ED-8699-1684BE5F92BA.wav,bɔ̃di linu ʒaɲɔ bɔ̃tʁa ʒylsø ɡyʁe baʁpɛ̃ iʁwa miʁɔdi ʁekapɛ mɔ̃line fafikɛ ʒipazø kokuʒi tod̃kɛ̃ d bimɔ̃dɛl fɔ̃vɛʁɛti mokoʁido faʁveʁkɛʁø mɔ̃ ɡyʁpɛʁn ni
testPhoneme_94FA58B1-5D90-401B-8F1A-B14D0DE7D930.wav,pɔ̃di linu ʃamydi dɔ̃kʁa llʃe lyʁi baʁtɛ̃ ɛʁwa myʁɔ̃di ʁikape molyne fazikeʁ ʒ ffaz kobyʃi todɔ̃kɛ̃ dimɑ̃da fɔveʁiki mokoʁido faʁike ʁø
testPhoneme_EE999765-6203-425B-B127-6221849FEC13.wav,ɑ̃totʃodo aʁtitiʃa ʃɛ̃ɑɔ ieʃaeedeɔd e ɔsʒɔdɔ ɑ̃dy ɑ̃lv tʁt ɔ̃l ty ɔ̃e tɑ̃dɛl adoɛ sosɛ de ɛʁʃɛʁ odyiiʃɛʁ oʃuʁ eɛeɛʒi dɑɑlaʒɔɑ̃ɛʁlɛkɑ̃sɔ̃e ɑ̃dek̃ʃdʒɑ̃ aaetʁstsɔe kɔ̃ɡɔ̃ɔ fini də t
testPhoneme_DBF78E1B-53A1-4114-A21F-1A96F2E70173.wav,ɔkɔ̃bi inɔ ʃɛnedy kɔ̃tʁa lesø lylyʁi baʁtã levʁa moli  ʁikapi mulyni d faʁikɛ  kifaz  kɡiʃi tudukã m bimɔ̃da ɔfavɛki mɔkuvido  aʁikɛʁy ɔ muʁdylal ki
testPhoneme_94D142E3-8A59-44DA-B01A-533D662478C7.wav,bibliotɛk ək ʁiɛʃ bʁwɛkatastaf ʁoɡolil istodtɛ  fit ʒeoɡʁa oɛlo  ikoɛkjɛskoʁotɛ l ʁibil skak asəfini
testPhoneme_BE950DBA-7581-4FF0-8732-C261749CD253.wav,lɛ a l k ɛnɛ ɛ o lu u tufi  o
testPhoneme_6451A088-BC94-451C-877B-22D835255226.wav,ɔo ãi sjɛ̃ kɔiveve u o bo ʒuɑlve ɑ̃t e vɛl vwado i bwa ɛʁ ɔveʃoʃo ɑ̃ evɛ m ɛ udɛ̃ ɛ̃pɛʁmaɔʒɑi tɑ̃vid ʃʁa ɑ̃d̃
testPhoneme_63858189-93FE-4AC8-B1AB-928271431D9F.wav,kəksei t ɑ̃tɑ̃dy lə ʒe ɑ̃tɑ̃ʁɛ̃ sʁɛ toʁ lə du ɔ̃ tuʒuʁ ʁʒ ə kəuvʁi aʁvɛsytyəkiese foldi ʁoiʁəʒ əfʁ bɔk bʁiʃ bʁuɛt kataʁɔ kokodi ekɔdinɛ ʁilkʁ ʒeoɡʁafi ɡola ikɔptɛ a pvʁtɛ ɔ pɔk skʁopyl spɛktak
testPhoneme_6F0A679B-88FC-4D3A-A8C5-5EF95CE45383.wav,v uvʁ dɑ̃ uvɛʁ lə si ʒɑ̃lɛv lə pʁəmje sɑ̃si uvʁ kɛʁ vɛʁ bʁan u an dʁɛ ɔ̃di sa mjɛʁ kwa ʁɑ̃diʁ lɔ ɔ je ʁoʒ
testPhoneme_2001C59B-C404-492A-AF54-A881EEAABFBB.wav,u vɛʁ a a flo u iɡid ɔ̃ di ɡi ob ʁi u
testPhoneme_8B471CFF-2794-4C27-B75D-B60829AC47B4.wav,kiytɛk b bʁɛɛʁʃ pʁuit sɛʁɛst ʁəpʁiti ɛktʁ œ̃ tiɛ̃fi ʒiɡʁa ɛi ɡao ɡul ilikɔptɛʁ ɛk puvʁiti p skʁɛ
testPhoneme_2AEE17B8-8F96-48CF-8D6A-82E809509590.wav,didiotɛk pk ʁia ʁwɛ katatʁɔf ʁokodil ɛstadinɛʁ filtʁ leɡʁafiɛlɑ elikotɛ kiask povʁte pɔk kʁyk pɛtak
testPhoneme_F5E0BA46-37BD-4448-A1E0-37F7A1E9CD8E.wav,ɑ̃sɑ̃sɑ̃ m dɑ̃z ɑ̃ y moʁi  aɑ̃senəsø ka ɔvaʁ dɑ̃z yn ɑ̃taməsʁa ol am ʁɛm kin lo u i
testPhoneme_2E9818A2-7153-47F5-A048-79E916CFF32A.wav,sɛ̃ nfɛ̃ii ssitj̃ lɛ̃ se pʁəmesɔɛ̃ ɛ i ʃɛ̃ ʃo kɑ̃ kɑ us̃ k̃ ʃɛ̃
testPhoneme_DEE0640F-D249-4AEA-A801-CCA731025EA0.wav,ma mã  ʃã ʃ bo a bwa ʃo ɡɛ ɛ̃ ʃɛ̃ bɔ̃
testPhoneme_3079315A-8BA1-4735-89F1-2B2803227B86.wav,ɑɑ̃ʃa ɑjɛ̃ɑ̃ʃɑ̃ e aɛɔbo ʃ mɑ le e ɑiɑ le tɑ ɛsɔeɛ ibwa sɛɑ̃ ʃo ɑeɛɡee ̃ɛaʃɔ̃ ɑ̃ɑ̃ eʒɑ̃ aɑ̃ɑɡ̃
testPhoneme_F8882B59-CCC1-46CC-84B1-0184AB8BE7CA.wav,ldi dino ʒadidy kɔ̃tʁa ʒyls ʁʁ baʁtɛ̃ eʁwa kɛ ʁifazø komyʃi todok ilmɑ̃da ɛsko kɑ la finiltɛk ɛsklyn ɑ̃ va ʒaʁdidɑ̃ midi sɔləʁidi okoʁido aʁviʒeʁy sɑ̃dyʁ la ʁydi
testPhoneme_82412FAD-B077-49A9-B5D3-CE8FE3346D58.wav,i fotkɔʁ lɛʁ de mɑ̃ bɔ̃bi le nu fanoɡø bɔ̃tʁɑ̃ ʒylsø oʁiʁ paʁtɑ̃ i ʁwa myʁoni fɛkape mɔlyne favikɛ ʒe favø koɡyʃe tɔ̃dɔ̃kɛ̃ bimɛ̃ ta fɔ̃veʁite mɔ̃ koʁe do fave kiʁø
testPhoneme_0D8083E3-E40B-4ABE-BBB8-453A2EA8AFA5.wav,fa dɔfoto e aʁtitik lə lə mo kə ʒə pø kʁetefaʁ sefa ʃa  ɔ̃sito ʒy bebeoʁsɔ̃ skalimɔ̃ də bebeɔʁsɔ̃ il ɔ̃ mi ilz ɔ̃ dibebʁ sɔ̃ ʒidyʁ lə bebẽ be be uʁ sɔse u u bo dɑl tɑ̃ ɑ̃pɔʁtye ɑ̃visetɑ̃ ɛlwazo ɛlwa ɛla ʃɛʁ oɡyst dɑ̃ ep kozɛ̃ ɛ̃fɛʁnal ʒɑ̃dĩti  ɑ̃tɔ
testPhoneme_79DD1FC7-AC56-48E0-AEE3-0F26CE14CC24.wav,pɔli linu any dy bɔ̃tʁa ʒisø lyʁiʁ baʁtɛ̃ nyʁɔ̃l ʁikadi molyni ʒavikɛʁ ifaʒø koɡyʃi t̃dɔ̃kɑ̃ bi mɔtɛʁl fɔfiʁiki mkiʁido fɛi kiʁi mɔ̃dɔ lanyt
testPhoneme_3C52A497-3143-4C4F-ADCD-112E845D532C.wav,bibliotɛk bɔks bʁia bʁwɛt katastʁɔfʁokodil etʁaʁdil filt ʒeɔɡʁafi ɡoɛlɔ̃ ilkottɛ kiɛsk povʁi pɔ skʁytl spitak
testPhoneme_A0D72D4E-BC51-42B8-A649-7A632384BB42.wav,bibliotɛk bɛk ʁiɛ vwɛt kɛtasʁɔ pkodil ɛstʁaodinɛʁ wi ʒjɔɡʁafi bɔɛlɑ̃ ilikɔptɛʁ kɛʒk povʁote pak skypyl spɛktak
testPhoneme_2286EE2E-8006-4B07-9B6A-D463E677DDBD.wav,iiwɛ  botɛk biblibliotɛk ɔpaʁ la finiasɔsɔ bɔ ʁybɔk jɔ kʁiɔ bkʁɔɛ katɔsɔatɛstʁɔf ovudy kɔdi ktɔʁdn kstʁaʁdinɛ  fi veoɡafmɑ ʒokʁ bul kɔʁ ləɡop tekɔtɛ ɔkik d kovʁtilɔtɛk by skʁopyʁ idbak sɛtɛk
testPhoneme_2968E293-EF03-4558-B3C6-DA56E7C01245.wav,ymɔ̃ pʁɛt u vɛ am  amɛn ɡin lo u l ʒ
testPhoneme_CD59A88D-4498-46CD-A05F-3875EBBAA9DA.wav,oasɛ aʃi be u u uɛdi ɑɔ u oa i eeɑ aa uiaskɛaɛɑ leʒini
testPhoneme_58BC0EDD-8C9C-46FC-B75D-7BAEBB551AF8.wav,bibjiotɛk pɔks pʁiaʃ pʁɔɛt katastʁaf ʁokodifaodinɛʁ filitʁ jɔɡʁa ɡɔlɛ̃ ikotɛ kiɑ̃ʒ povo di pɔp skʁypyʁ dikla
testPhoneme_E1CBF84E-3E4C-46DD-842B-FEBF1E888DDD.wav,e mɛ ladis ɔuvɛʁ ̃n ɑlv u i ʁɛvɛʁ ɑ ɑ̃ lɛf bʁa e ɑ̃ il ʁɛs a ʁsɑ̃n ɑ̃ lɛf ɛf l ʁɛs u ̃ lelɛ ɑ̃ ɑ̃ lɛ ff e i ʁst u kan ɑ̃ ɑ̃ lɛf ka el ɛst an ̃ dɑ̃ lɛfka l ̃ ɑ̃ lɛf el ʁɛs ny ɑ̃ndɑ lɛftʁɛ e ̃ e ɛst  ɛn ɑ̃ndɑ̃ ɛ ɑ̃  il ʁɛst ɑɑ̃ kɑ̃ ̃ lɛf klu ɑ̃ ɑ̃ lɛk i ʁɛs u ɑ̃ ɑ̃ lɛftʁ il ʁɛst u  ɔ kitikwadja atɑ ɑ lɛ p e ʁɛst i ɑ̃n ɑ̃ lɛpʁ e ʁɛst uz ʒefini lətɛst ʃpøklekesyʁ finiʁ lətɛ
testPhoneme_74B39D5F-1266-4641-B4A0-3E55A39CB206.wav,pɔ̃l nin sm wɔfɛ̃ ʒiɛ̃ nuʁ baʁpɛ̃ jɛʁwa yʁɔ̃n ʁikapi molini faviɡɛʁ ʒifɛ kobiʃi ɔdɑ̃ɛ mimada pɑ̃lɛdi mokodo abi mɔ̃a m̃ɡyʁlɑ̃n
testPhoneme_0AFAE87B-591F-4532-A472-1613DF2207D2.wav,ʒe paz ɑ̃tɑ̃dy ivɛ vɛʁ ʁn lu an ʁɛ dil lu u li uz
testPhoneme_A232A7F3-3608-4C21-BF44-2ABB7F67DEEE.wav,pɔ̃di lin kai dy p pɔ̃tʁa ləs lafiʁ paʁtɔ̃ɛʁwa lyʁɔ̃di ʁikape nuni favitɛʁ ʃafɛɑ̃liʃi ɑ̃dɔ̃kɑ̃ljɛ̃ da ɑ̃vaiti i koʁido vaʁitʁinɑ̃na lãt li
